=== pass 1 Thu Oct  1 14:28:31 EDT 2026
loading facts, principals, plans, documents...
2112 plans to check (8842 facts, 4149 principals loaded)
1/2112 CD000010 ERROR no JSON in reply: No pages were provided in your message—only instructions. Please paste the offering plan page text you'd like me to analyze.
2/2112 CD000012 ERROR no JSON in reply: No pages were provided in this message — there's no offering plan text included for me to review.

Please paste the actual pages (text extracted from the PDF) that you'd like me to a
3/2112 CD000013 ERROR no JSON in reply: No pages were provided in your message—only the instructions. Please paste the offering plan page text you'd like me to analyze.
4/2112 CD000014 ERROR no JSON in reply: No pages were provided in your message—only instructions. Please paste the offering plan page text you'd like me to review.
5/2112 CD000017 ERROR no JSON in reply: No pages were provided in your message—I only see instructions but no actual offering plan text/pages to analyze.

Please paste the offering plan pages, and I'll extract the requeste
6/2112 CD000011 {"unresolved":3} 3 calls 6k  [1 min, 0.0M]
7/2112 CD000009 {"unresolved":1} 3 calls 6k  [1 min, 0.0M]
8/2112 CC000001 {"unresolved":4} 3 calls 6k  [1 min, 0.0M]
9/2112 CD000016 {"unresolved":2} 3 calls 6k  [1 min, 0.0M]
10/2112 CD000022 {"unresolved":1} 3 calls 6k  [1 min, 0.0M]
11/2112 CD000023 {"unresolved":1} 3 calls 6k  [1 min, 0.0M]
=== pass 1 Thu Oct  1 14:30:46 EDT 2026
loading facts, principals, plans, documents...
2112 plans to check (8842 facts, 4149 principals loaded)
1/2112 CD000013 {"not_from_plan":1} 0 calls 0k  [0 min, 0.0M]
2/2112 CD000009 {"not_from_plan":1} 0 calls 0k  [0 min, 0.0M]
3/2112 CD000012 {"not_from_plan":1} 0 calls 0k  [0 min, 0.0M]
4/2112 CD000014 {"not_from_plan":3} 0 calls 0k  [0 min, 0.0M]
5/2112 CD000016 {"not_from_plan":2} 0 calls 0k  [0 min, 0.0M]
6/2112 CD000017 {"not_from_plan":1} 0 calls 0k  [0 min, 0.0M]
7/2112 CD000019 {"not_from_plan":2} 0 calls 0k  [0 min, 0.0M]
8/2112 CD000020 {"not_from_plan":4} 0 calls 0k  [0 min, 0.0M]
9/2112 CD000022 {"not_from_plan":1} 0 calls 0k  [0 min, 0.0M]
10/2112 CD000023 {"not_from_plan":1} 0 calls 0k  [0 min, 0.0M]
11/2112 CD000024 {"not_from_plan":1} 0 calls 0k  [0 min, 0.0M]
12/2112 CD000025 {"not_from_plan":3} 0 calls 0k  [0 min, 0.0M]
13/2112 CD000026 {"not_from_plan":3} 0 calls 0k  [0 min, 0.0M]
14/2112 CD000027 {"not_from_plan":1} 0 calls 0k  [0 min, 0.0M]
15/2112 CD000028 {"not_from_plan":2} 0 calls 0k  [0 min, 0.0M]
16/2112 CD000031 {"not_from_plan":1} 0 calls 0k  [0 min, 0.0M]
17/2112 CD000034 {"not_from_plan":2} 0 calls 0k  [0 min, 0.0M]
18/2112 CD000033 {"not_from_plan":4} 0 calls 0k  [0 min, 0.0M]
19/2112 CD000035 {"not_from_plan":1} 0 calls 0k  [0 min, 0.0M]
20/2112 CD000036 {"not_from_plan":9} 0 calls 0k  [0 min, 0.0M]
21/2112 CD000038 {"not_from_plan":3} 0 calls 0k  [0 min, 0.0M]
22/2112 CD000039 {"not_from_plan":2} 0 calls 0k  [0 min, 0.0M]
23/2112 CD000040 {"not_from_plan":1} 0 calls 0k  [0 min, 0.0M]
24/2112 CD000041 {"not_from_plan":2} 0 calls 0k  [0 min, 0.0M]
25/2112 CD000051 {"not_from_plan":1} 0 calls 0k  [0 min, 0.0M]
26/2112 CD000053 {"not_from_plan":2} 0 calls 0k  [0 min, 0.0M]
27/2112 CD000054 {"not_from_plan":5} 0 calls 0k  [0 min, 0.0M]
28/2112 CD000055 {"not_from_plan":2} 0 calls 0k  [0 min, 0.0M]
29/2112 CD000060 {"not_from_plan":2} 0 calls 0k  [0 min, 0.0M]
30/2112 CD000065 {"not_from_plan":4} 0 calls 0k  [0 min, 0.0M]
31/2112 CD000069 {"not_from_plan":1} 0 calls 0k  [0 min, 0.0M]
32/2112 CD000072 {"not_from_plan":4} 0 calls 0k  [0 min, 0.0M]
33/2112 CD000070 {"not_from_plan":4} 0 calls 0k  [0 min, 0.0M]
34/2112 CD000073 {"not_from_plan":1} 0 calls 0k  [0 min, 0.0M]
35/2112 CD000076 {"not_from_plan":1} 0 calls 0k  [0 min, 0.0M]
36/2112 CD000077 {"not_from_plan":5} 0 calls 0k  [0 min, 0.0M]
37/2112 CD000078 {"not_from_plan":4} 0 calls 0k  [0 min, 0.0M]
38/2112 CD000080 {"not_from_plan":1} 0 calls 0k  [0 min, 0.0M]
39/2112 CD000083 {"not_from_plan":3} 0 calls 0k  [0 min, 0.0M]
40/2112 CD000085 {"not_from_plan":3} 0 calls 0k  [0 min, 0.0M]
41/2112 CD000086 {"not_from_plan":3} 0 calls 0k  [0 min, 0.0M]
42/2112 CD000087 {"not_from_plan":3} 0 calls 0k  [0 min, 0.0M]
43/2112 CD000088 {"not_from_plan":3} 0 calls 0k  [0 min, 0.0M]
44/2112 CD000089 {"not_from_plan":3} 0 calls 0k  [0 min, 0.0M]
45/2112 CD000090 {"not_from_plan":3} 0 calls 0k  [0 min, 0.0M]
46/2112 CD000091 {"not_from_plan":2} 0 calls 0k  [0 min, 0.0M]
47/2112 CD000092 {"not_from_plan":2} 0 calls 0k  [0 min, 0.0M]
48/2112 CD000093 {"not_from_plan":2} 0 calls 0k  [0 min, 0.0M]
49/2112 CD000094 {"not_from_plan":3} 0 calls 0k  [0 min, 0.0M]
50/2112 CD000096 {"not_from_plan":2} 0 calls 0k  [0 min, 0.0M]
51/2112 CD000037 {"not_from_plan":4} 0 calls 0k  [0 min, 0.0M]
52/2112 CD000095 {"not_from_plan":3} 0 calls 0k  [0 min, 0.0M]
53/2112 CD000104 {"not_from_plan":6} 0 calls 0k  [0 min, 0.0M]
54/2112 CD000105 {"not_from_plan":1} 0 calls 0k  [0 min, 0.0M]
55/2112 CD000108 {"not_from_plan":2} 0 calls 0k  [0 min, 0.0M]
56/2112 CD000109 {"not_from_plan":3} 0 calls 0k  [0 min, 0.0M]
57/2112 CD000114 {"not_from_plan":2} 0 calls 0k  [0 min, 0.0M]
58/2112 CD000116 {"not_from_plan":2} 0 calls 0k  [0 min, 0.0M]
59/2112 CD000119 {"not_from_plan":3} 0 calls 0k  [0 min, 0.0M]
60/2112 CD000079 {"not_from_plan":4} 0 calls 0k  [0 min, 0.0M]
61/2112 CD000128 {"not_from_plan":2} 0 calls 0k  [0 min, 0.0M]
62/2112 CD000127 {"not_from_plan":3} 0 calls 0k  [0 min, 0.0M]
63/2112 CD000129 {"not_from_plan":1} 0 calls 0k  [0 min, 0.0M]
64/2112 CD000130 {"not_from_plan":1} 0 calls 0k  [0 min, 0.0M]
65/2112 CD000131 {"not_from_plan":1} 0 calls 0k  [0 min, 0.0M]
66/2112 CD000132 {"not_from_plan":1} 0 calls 0k  [0 min, 0.0M]
67/2112 CD000133 {"not_from_plan":1} 0 calls 0k  [0 min, 0.0M]
68/2112 CD000134 {"not_from_plan":1} 0 calls 0k  [0 min, 0.0M]
69/2112 CD000103 {"not_from_plan":4} 0 calls 0k  [0 min, 0.0M]
70/2112 CD000137 {"not_from_plan":5} 0 calls 0k  [0 min, 0.0M]
71/2112 CD000138 {"not_from_plan":1} 0 calls 0k  [0 min, 0.0M]
72/2112 CD000084 {"not_from_plan":1} 0 calls 0k  [0 min, 0.0M]
73/2112 CD000140 {"not_from_plan":3} 0 calls 0k  [0 min, 0.0M]
74/2112 CD000141 {"not_from_plan":1} 0 calls 0k  [0 min, 0.0M]
75/2112 CD000117 {"not_from_plan":2} 0 calls 0k  [0 min, 0.0M]
76/2112 CD000144 {"not_from_plan":1} 0 calls 0k  [0 min, 0.0M]
77/2112 CD000145 {"not_from_plan":2} 0 calls 0k  [0 min, 0.0M]
78/2112 CD000146 {"not_from_plan":2} 0 calls 0k  [0 min, 0.0M]
79/2112 CD000136 {"not_from_plan":2} 0 calls 0k  [0 min, 0.0M]
80/2112 CD000147 {"not_from_plan":3} 0 calls 0k  [0 min, 0.0M]
81/2112 CD000148 {"not_from_plan":2} 0 calls 0k  [0 min, 0.0M]
82/2112 CD000153 {"not_from_plan":4} 0 calls 0k  [0 min, 0.0M]
83/2112 CD000157 {"not_from_plan":2} 0 calls 0k  [0 min, 0.0M]
84/2112 CD000158 {"not_from_plan":2} 0 calls 0k  [0 min, 0.0M]
85/2112 CD000159 {"not_from_plan":2} 0 calls 0k  [0 min, 0.0M]
86/2112 CD000160 {"not_from_plan":2} 0 calls 0k  [0 min, 0.0M]
87/2112 CD000161 {"not_from_plan":4} 0 calls 0k  [0 min, 0.0M]
88/2112 CD000162 {"not_from_plan":1} 0 calls 0k  [0 min, 0.0M]
89/2112 CD000163 {"not_from_plan":2} 0 calls 0k  [0 min, 0.0M]
90/2112 CD000164 {"not_from_plan":3} 0 calls 0k  [0 min, 0.0M]
91/2112 CD000139 {"not_from_plan":6} 0 calls 0k  [0 min, 0.0M]
92/2112 CD000165 {"not_from_plan":2} 0 calls 0k  [0 min, 0.0M]
93/2112 CD000166 {"not_from_plan":2} 0 calls 0k  [0 min, 0.0M]
94/2112 CD000150 {"not_from_plan":1} 0 calls 0k  [0 min, 0.0M]
95/2112 CD000135 {"verified":2,"not_from_plan":2} 2 calls 19k  [1 min, 0.0M]
96/2112 CD010110 {"not_from_plan":1} 0 calls 0k  [1 min, 0.0M]
97/2112 CC200001 {"verified":12} 3 calls 50k  [1 min, 0.1M]
98/2112 CD010015 {"verified":11,"minor":1} 3 calls 42k  [1 min, 0.1M]
99/2112 CD010065 {"verified":10,"minor":3,"wrong":1} 3 calls 40k  [1 min, 0.1M]
100/2112 CD010213 {"not_from_plan":2} 0 calls 0k  [1 min, 0.1M]
101/2112 CD020001 {"not_from_plan":2} 0 calls 0k  [1 min, 0.1M]
102/2112 CD020002 {"not_from_plan":1} 0 calls 0k  [1 min, 0.1M]
103/2112 CD020004 {"not_from_plan":1} 0 calls 0k  [1 min, 0.1M]
104/2112 CD020005 {"not_from_plan":2} 0 calls 0k  [1 min, 0.1M]
105/2112 CD020006 {"not_from_plan":1} 0 calls 0k  [1 min, 0.1M]
106/2112 CD020007 {"not_from_plan":2} 0 calls 0k  [1 min, 0.1M]
107/2112 CD020009 {"not_from_plan":2} 0 calls 0k  [1 min, 0.1M]
108/2112 CD020015 {"not_from_plan":2} 0 calls 0k  [1 min, 0.1M]
109/2112 CD020018 {"not_from_plan":1} 0 calls 0k  [1 min, 0.1M]
110/2112 CD020020 {"not_from_plan":1} 0 calls 0k  [1 min, 0.1M]
111/2112 CD020021 {"not_from_plan":1} 0 calls 0k  [1 min, 0.1M]
112/2112 CD020023 {"not_from_plan":1} 0 calls 0k  [1 min, 0.1M]
113/2112 CD020026 {"not_from_plan":1} 0 calls 0k  [1 min, 0.1M]
114/2112 CD020027 {"not_from_plan":1} 0 calls 0k  [1 min, 0.1M]
115/2112 CD020028 {"not_from_plan":2} 0 calls 0k  [1 min, 0.1M]
116/2112 CD020030 {"not_from_plan":1} 0 calls 0k  [1 min, 0.1M]
117/2112 CD020033 {"not_from_plan":2} 0 calls 0k  [1 min, 0.1M]
118/2112 CD020034 {"not_from_plan":1} 0 calls 0k  [1 min, 0.1M]
119/2112 CD020037 {"not_from_plan":1} 0 calls 0k  [1 min, 0.1M]
120/2112 CD020039 {"not_from_plan":1} 0 calls 0k  [1 min, 0.1M]
121/2112 CD020040 {"not_from_plan":1} 0 calls 0k  [1 min, 0.1M]
122/2112 CD020041 {"not_from_plan":1} 0 calls 0k  [1 min, 0.1M]
123/2112 CD020043 {"not_from_plan":8} 0 calls 0k  [1 min, 0.1M]
124/2112 CD020044 {"not_from_plan":1} 0 calls 0k  [1 min, 0.1M]
125/2112 CD020046 {"not_from_plan":1} 0 calls 0k  [1 min, 0.1M]
126/2112 CD020047 {"not_from_plan":1} 0 calls 0k  [1 min, 0.1M]
127/2112 CD020048 {"not_from_plan":2} 0 calls 0k  [1 min, 0.1M]
128/2112 CD020049 {"not_from_plan":1} 0 calls 0k  [1 min, 0.1M]
129/2112 CD020050 {"not_from_plan":2} 0 calls 0k  [1 min, 0.1M]
130/2112 CD020051 {"not_from_plan":2} 0 calls 0k  [1 min, 0.1M]
131/2112 CD020052 {"not_from_plan":1} 0 calls 0k  [1 min, 0.1M]
132/2112 CD020053 {"not_from_plan":4} 0 calls 0k  [1 min, 0.1M]
133/2112 CD020054 {"not_from_plan":2} 0 calls 0k  [1 min, 0.1M]
134/2112 CD020056 {"not_from_plan":2} 0 calls 0k  [1 min, 0.1M]
135/2112 CD020058 {"not_from_plan":1} 0 calls 0k  [1 min, 0.1M]
136/2112 CD020061 {"not_from_plan":1} 0 calls 0k  [1 min, 0.1M]
137/2112 CD020062 {"not_from_plan":1} 0 calls 0k  [1 min, 0.1M]
138/2112 CD020063 {"not_from_plan":2} 0 calls 0k  [1 min, 0.1M]
139/2112 CD020066 {"not_from_plan":2} 0 calls 0k  [1 min, 0.1M]
140/2112 CD020069 {"not_from_plan":4} 0 calls 0k  [1 min, 0.1M]
141/2112 CD020072 {"not_from_plan":2} 0 calls 0k  [1 min, 0.1M]
142/2112 CD020074 {"not_from_plan":1} 0 calls 0k  [1 min, 0.1M]
143/2112 CD020075 {"not_from_plan":2} 0 calls 0k  [1 min, 0.1M]
144/2112 CD020076 {"not_from_plan":2} 0 calls 0k  [1 min, 0.1M]
145/2112 CD020077 {"not_from_plan":2} 0 calls 0k  [1 min, 0.1M]
146/2112 CD020081 {"not_from_plan":2} 0 calls 0k  [1 min, 0.1M]
147/2112 CD020082 {"not_from_plan":2} 0 calls 0k  [1 min, 0.1M]
148/2112 CD020083 {"not_from_plan":3} 0 calls 0k  [1 min, 0.1M]
149/2112 CD020084 {"not_from_plan":1} 0 calls 0k  [1 min, 0.1M]
150/2112 CD020085 {"not_from_plan":6} 0 calls 0k  [1 min, 0.1M]
151/2112 CD020086 {"not_from_plan":1} 0 calls 0k  [1 min, 0.1M]
152/2112 CD020087 {"not_from_plan":4} 0 calls 0k  [1 min, 0.1M]
153/2112 CD020088 {"not_from_plan":4} 0 calls 0k  [1 min, 0.1M]
154/2112 CD020089 {"not_from_plan":1} 0 calls 0k  [1 min, 0.1M]
155/2112 CD020090 {"not_from_plan":2} 0 calls 0k  [1 min, 0.1M]
156/2112 CD010084 {"verified":4,"unresolved":1} 4 calls 65k  [1 min, 0.2M]
157/2112 CD020092 {"not_from_plan":2} 0 calls 0k  [1 min, 0.2M]
158/2112 CD020093 {"not_from_plan":1} 0 calls 0k  [1 min, 0.2M]
159/2112 CD020095 {"not_from_plan":8} 0 calls 0k  [1 min, 0.2M]
160/2112 CD020096 {"not_from_plan":8} 0 calls 0k  [1 min, 0.2M]
161/2112 CD020097 {"not_from_plan":8} 0 calls 0k  [1 min, 0.2M]
162/2112 CD020098 {"not_from_plan":8} 0 calls 0k  [1 min, 0.2M]
163/2112 CD020099 {"not_from_plan":8} 0 calls 0k  [1 min, 0.2M]
164/2112 CD020100 {"not_from_plan":8} 0 calls 0k  [1 min, 0.2M]
165/2112 CD020101 {"not_from_plan":8} 0 calls 0k  [1 min, 0.2M]
166/2112 CD020102 {"not_from_plan":1} 0 calls 0k  [1 min, 0.2M]
167/2112 CD020105 {"not_from_plan":2} 0 calls 0k  [1 min, 0.2M]
168/2112 CD020106 {"not_from_plan":1} 0 calls 0k  [1 min, 0.2M]
169/2112 CD020107 {"not_from_plan":6} 0 calls 0k  [1 min, 0.2M]
170/2112 CD020111 {"not_from_plan":1} 0 calls 0k  [1 min, 0.2M]
171/2112 CD020112 {"not_from_plan":1} 0 calls 0k  [1 min, 0.2M]
172/2112 CD020113 {"not_from_plan":2} 0 calls 0k  [1 min, 0.2M]
173/2112 CD020114 {"not_from_plan":2} 0 calls 0k  [1 min, 0.2M]
174/2112 CD020115 {"not_from_plan":1} 0 calls 0k  [1 min, 0.2M]
175/2112 CD020117 {"not_from_plan":1} 0 calls 0k  [1 min, 0.2M]
176/2112 CD020119 {"not_from_plan":2} 0 calls 0k  [1 min, 0.2M]
177/2112 CD020120 {"not_from_plan":2} 0 calls 0k  [1 min, 0.2M]
178/2112 CD020121 {"not_from_plan":2} 0 calls 0k  [1 min, 0.2M]
179/2112 CD020122 {"not_from_plan":2} 0 calls 0k  [1 min, 0.2M]
180/2112 CD020123 {"not_from_plan":1} 0 calls 0k  [1 min, 0.2M]
181/2112 CD020124 {"not_from_plan":1} 0 calls 0k  [1 min, 0.2M]
182/2112 CD020125 {"not_from_plan":1} 0 calls 0k  [1 min, 0.2M]
183/2112 CD020126 {"not_from_plan":1} 0 calls 0k  [1 min, 0.2M]
184/2112 CD020127 {"not_from_plan":1} 0 calls 0k  [1 min, 0.2M]
185/2112 CD020128 {"not_from_plan":2} 0 calls 0k  [1 min, 0.2M]
186/2112 CD020130 {"not_from_plan":3} 0 calls 0k  [1 min, 0.2M]
187/2112 CD010155 {"verified":10,"wrong":1} 3 calls 59k  [1 min, 0.3M]
188/2112 CD020132 {"not_from_plan":1} 0 calls 0k  [1 min, 0.3M]
189/2112 CD020133 {"not_from_plan":2} 0 calls 0k  [1 min, 0.3M]
190/2112 CD020138 {"not_from_plan":5} 0 calls 0k  [1 min, 0.3M]
191/2112 CD020140 {"not_from_plan":2} 0 calls 0k  [1 min, 0.3M]
192/2112 CD020141 {"not_from_plan":2} 0 calls 0k  [1 min, 0.3M]
193/2112 CD020144 {"not_from_plan":2} 0 calls 0k  [1 min, 0.3M]
194/2112 CD020145 {"not_from_plan":4} 0 calls 0k  [1 min, 0.3M]
195/2112 CD020146 {"not_from_plan":1} 0 calls 0k  [1 min, 0.3M]
196/2112 CD020148 {"not_from_plan":3} 0 calls 0k  [1 min, 0.3M]
197/2112 CD020149 {"not_from_plan":1} 0 calls 0k  [1 min, 0.3M]
198/2112 CD020151 {"not_from_plan":3} 0 calls 0k  [1 min, 0.3M]
199/2112 CD020152 {"not_from_plan":2} 0 calls 0k  [1 min, 0.3M]
200/2112 CD020153 {"not_from_plan":1} 0 calls 0k  [1 min, 0.3M]
201/2112 CD020154 {"not_from_plan":1} 0 calls 0k  [1 min, 0.3M]
202/2112 CD020156 {"not_from_plan":1} 0 calls 0k  [1 min, 0.3M]
203/2112 CD020157 {"not_from_plan":1} 0 calls 0k  [1 min, 0.3M]
204/2112 CD020158 {"not_from_plan":1} 0 calls 0k  [1 min, 0.3M]
205/2112 CD020159 {"not_from_plan":2} 0 calls 0k  [1 min, 0.3M]
206/2112 CD020160 {"not_from_plan":1} 0 calls 0k  [1 min, 0.3M]
207/2112 CD020164 {"not_from_plan":1} 0 calls 0k  [1 min, 0.3M]
208/2112 CD020165 {"not_from_plan":1} 0 calls 0k  [1 min, 0.3M]
209/2112 CD020167 {"not_from_plan":1} 0 calls 0k  [1 min, 0.3M]
210/2112 CD020168 {"not_from_plan":1} 0 calls 0k  [1 min, 0.3M]
211/2112 CD020169 {"not_from_plan":1} 0 calls 0k  [1 min, 0.3M]
212/2112 CD020170 {"not_from_plan":1} 0 calls 0k  [1 min, 0.3M]
213/2112 CD020171 {"not_from_plan":1} 0 calls 0k  [1 min, 0.3M]
214/2112 CD020172 {"not_from_plan":1} 0 calls 0k  [1 min, 0.3M]
215/2112 CD020173 {"not_from_plan":1} 0 calls 0k  [1 min, 0.3M]
216/2112 CD020174 {"not_from_plan":1} 0 calls 0k  [1 min, 0.3M]
217/2112 CD020175 {"not_from_plan":2} 0 calls 0k  [1 min, 0.3M]
218/2112 CD020177 {"not_from_plan":2} 0 calls 0k  [1 min, 0.3M]
219/2112 CD020178 {"not_from_plan":1} 0 calls 0k  [1 min, 0.3M]
220/2112 CD020179 {"not_from_plan":2} 0 calls 0k  [1 min, 0.3M]
221/2112 CD020182 {"not_from_plan":2} 0 calls 0k  [1 min, 0.3M]
222/2112 CD020184 {"not_from_plan":2} 0 calls 0k  [1 min, 0.3M]
223/2112 CD020185 {"not_from_plan":3} 0 calls 0k  [1 min, 0.3M]
224/2112 CD020186 {"not_from_plan":3} 0 calls 0k  [1 min, 0.3M]
225/2112 CD020187 {"not_from_plan":3} 0 calls 0k  [1 min, 0.3M]
226/2112 CD020188 {"not_from_plan":2} 0 calls 0k  [1 min, 0.3M]
227/2112 CD020189 {"not_from_plan":1} 0 calls 0k  [1 min, 0.3M]
228/2112 CD020192 {"not_from_plan":4} 0 calls 0k  [1 min, 0.3M]
229/2112 CD020194 {"not_from_plan":2} 0 calls 0k  [1 min, 0.3M]
230/2112 CD020195 {"not_from_plan":5} 0 calls 0k  [1 min, 0.3M]
231/2112 CD020197 {"not_from_plan":1} 0 calls 0k  [1 min, 0.3M]
232/2112 CD020199 {"not_from_plan":1} 0 calls 0k  [1 min, 0.3M]
233/2112 CD020200 {"not_from_plan":1} 0 calls 0k  [1 min, 0.3M]
234/2112 CD020201 {"not_from_plan":3} 0 calls 0k  [1 min, 0.3M]
235/2112 CD020203 {"not_from_plan":1} 0 calls 0k  [1 min, 0.3M]
236/2112 CD020205 {"not_from_plan":3} 0 calls 0k  [1 min, 0.3M]
237/2112 CD020206 {"not_from_plan":3} 0 calls 0k  [1 min, 0.3M]
238/2112 CD010196 {"verified":9,"wrong":2} 3 calls 31k  [2 min, 0.3M]
239/2112 CD020218 {"not_from_plan":1} 0 calls 0k  [2 min, 0.3M]
240/2112 CD020219 {"not_from_plan":4} 0 calls 0k  [2 min, 0.3M]
241/2112 CD020220 {"not_from_plan":4} 0 calls 0k  [2 min, 0.3M]
242/2112 CD020221 {"not_from_plan":3} 0 calls 0k  [2 min, 0.3M]
243/2112 CD020222 {"not_from_plan":2} 0 calls 0k  [2 min, 0.3M]
244/2112 CD020225 {"not_from_plan":2} 0 calls 0k  [2 min, 0.3M]
245/2112 CD020227 {"not_from_plan":1} 0 calls 0k  [2 min, 0.3M]
246/2112 CD020228 {"not_from_plan":1} 0 calls 0k  [2 min, 0.3M]
247/2112 CD020231 {"not_from_plan":3} 0 calls 0k  [2 min, 0.3M]
248/2112 CD020233 {"not_from_plan":1} 0 calls 0k  [2 min, 0.3M]
249/2112 CD020234 {"not_from_plan":6} 0 calls 0k  [2 min, 0.3M]
250/2112 CD020235 {"not_from_plan":1} 0 calls 0k  [2 min, 0.3M]
251/2112 CD020236 {"not_from_plan":1} 0 calls 0k  [2 min, 0.3M]
252/2112 CD020237 {"not_from_plan":1} 0 calls 0k  [2 min, 0.3M]
253/2112 CD020238 {"not_from_plan":1} 0 calls 0k  [2 min, 0.3M]
254/2112 CD020239 {"not_from_plan":3} 0 calls 0k  [2 min, 0.3M]
255/2112 CD030013 {"not_from_plan":1} 0 calls 0k  [2 min, 0.3M]
256/2112 CD010166 {"verified":11,"wrong":1} 3 calls 52k  [2 min, 0.4M]
257/2112 CD030176 {"not_from_plan":1} 0 calls 0k  [2 min, 0.4M]
258/2112 CD030240 {"not_from_plan":2} 0 calls 0k  [2 min, 0.4M]
259/2112 CD020091 {"verified":1,"minor":1,"not_from_plan":1} 3 calls 14k  [2 min, 0.4M]
260/2112 CD020131 {"verified":2,"not_from_plan":2} 3 calls 25k  [2 min, 0.4M]
261/2112 CD000143 {"verified":1,"wrong":1,"not_from_plan":2} 3 calls 21k  [2 min, 0.4M]
262/2112 CD020215 {"verified":2,"not_from_plan":3} 3 calls 27k  [2 min, 0.4M]
263/2112 CD040103 {"verified":8,"wrong":2,"minor":1} 3 calls 50k  [3 min, 0.5M]
264/2112 CD040343 {"verified":11,"wrong":1} 3 calls 58k  [3 min, 0.6M]
265/2112 CD030127 {"verified":6,"wrong":4} 3 calls 41k  [4 min, 0.6M]
266/2112 CD050011 {"verified":1,"unresolved":2} 4 calls 18k  [4 min, 0.6M]
267/2112 CD050062 {"not_from_plan":2} 0 calls 0k  [4 min, 0.6M]
268/2112 CD050100 {"not_from_plan":1} 0 calls 0k  [4 min, 0.6M]
269/2112 CD040441 {"verified":15,"minor":2} 3 calls 72k  [4 min, 0.7M]
270/2112 CD040005 {"verified":6,"unresolved":1,"wrong":2,"minor":1} 4 calls 93k  [4 min, 0.8M]
271/2112 CD050221 {"not_from_plan":3} 0 calls 0k  [4 min, 0.8M]
272/2112 CD050029 {"verified":9} 3 calls 44k  [4 min, 0.8M]
273/2112 CD040091 {"verified":10,"wrong":2} 3 calls 44k  [5 min, 0.9M]
274/2112 CD050269 {"verified":9,"wrong":3} 4 calls 100k  [6 min, 1.0M]
275/2112 CD050170 {"verified":15,"minor":2} 3 calls 59k  [6 min, 1.0M]
276/2112 CD050427 {"not_from_plan":1} 0 calls 0k  [6 min, 1.0M]
277/2112 CD050295 {"minor":2,"verified":8,"wrong":1} 3 calls 71k  [6 min, 1.1M]
278/2112 CD050476 {"not_from_plan":1} 0 calls 0k  [6 min, 1.1M]
279/2112 CD050324 {"minor":2,"verified":8,"wrong":1} 3 calls 45k  [7 min, 1.1M]
280/2112 CD050558 {"not_from_plan":2} 0 calls 0k  [7 min, 1.1M]
281/2112 CD050046 {"verified":6,"wrong":2} 3 calls 66k  [7 min, 1.2M]
282/2112 CD050463 {"verified":10,"wrong":1} 3 calls 47k  [7 min, 1.3M]
283/2112 CD050517 {"verified":8,"minor":1} 3 calls 31k  [7 min, 1.3M]
284/2112 CD050328 {"verified":13} 3 calls 41k  [8 min, 1.3M]
285/2112 CD060023 {"not_from_plan":4} 0 calls 0k  [8 min, 1.3M]
286/2112 CD060057 {"not_from_plan":2} 0 calls 0k  [8 min, 1.3M]
287/2112 CD050154 {"verified":15,"minor":1,"wrong":1,"unresolved":1} 4 calls 209k  [8 min, 1.5M]
288/2112 CD060101 {"not_from_plan":2} 0 calls 0k  [8 min, 1.5M]
289/2112 CD060125 {"not_from_plan":1} 0 calls 0k  [8 min, 1.5M]
290/2112 CD060195 {"verified":11,"minor":2,"wrong":1} 3 calls 48k  [9 min, 1.6M]
291/2112 CD050674 {"minor":1,"verified":10,"wrong":1} 3 calls 64k  [9 min, 1.6M]
292/2112 CD060231 {"not_from_plan":1} 0 calls 0k  [9 min, 1.6M]
293/2112 CD050644 {"verified":11,"wrong":6} 3 calls 68k  [9 min, 1.7M]
294/2112 CD050637 {"verified":11,"wrong":1,"unsupported":1} 4 calls 105k  [10 min, 1.8M]
295/2112 CD060292 {"verified":7,"wrong":3} 3 calls 65k  [10 min, 1.9M]
296/2112 CD060326 {"not_from_plan":2} 0 calls 0k  [10 min, 1.9M]
297/2112 CD060370 {"not_from_plan":2} 0 calls 0k  [10 min, 1.9M]
298/2112 CD060375 {"not_from_plan":2} 0 calls 0k  [10 min, 1.9M]
299/2112 CD060376 {"not_from_plan":4} 0 calls 0k  [10 min, 1.9M]
300/2112 CD060299 ERROR Unexpected non-whitespace character after JSON at position 413 (line 3 column 1)
301/2112 CD060286 {"wrong":1,"verified":9,"minor":1} 3 calls 48k  [11 min, 1.9M]
302/2112 CD060435 {"not_from_plan":2} 0 calls 0k  [11 min, 1.9M]
303/2112 CD060224 {"verified":14,"wrong":3} 3 calls 50k  [11 min, 2.0M]
304/2112 CD060552 {"not_from_plan":2} 0 calls 0k  [11 min, 2.0M]
305/2112 CD060413 {"verified":11} 3 calls 47k  [11 min, 2.0M]
306/2112 CD050586 {"verified":10} 3 calls 70k  [11 min, 2.1M]
307/2112 CD060095 {"verified":10,"wrong":1} 4 calls 125k  [11 min, 2.2M]
308/2112 CD060643 {"verified":12,"wrong":1} 3 calls 54k  [12 min, 2.3M]
309/2112 CD060434 {"verified":8,"wrong":2} 3 calls 47k  [12 min, 2.3M]
310/2112 CD060693 {"verified":9,"wrong":2} 3 calls 39k  [13 min, 2.4M]
311/2112 CD060785 {"verified":9,"minor":1} 3 calls 43k  [13 min, 2.4M]
312/2112 CD060788 {"not_from_plan":4} 0 calls 0k  [13 min, 2.4M]
313/2112 CD070014 {"not_from_plan":3} 0 calls 0k  [13 min, 2.4M]
314/2112 CD070024 {"not_from_plan":1} 0 calls 0k  [13 min, 2.4M]
315/2112 CD070032 {"not_from_plan":3} 0 calls 0k  [13 min, 2.4M]
316/2112 CD060551 {"verified":11,"unresolved":1} 4 calls 187k  [13 min, 2.6M]
317/2112 CD060592 {"minor":1,"verified":9} 4 calls 145k  [14 min, 2.7M]
318/2112 CD070249 {"not_from_plan":2} 0 calls 0k  [14 min, 2.7M]
319/2112 CD060770 {"verified":11,"wrong":3} 3 calls 63k  [14 min, 2.8M]
320/2112 CD060570 {"verified":9,"wrong":1} 4 calls 114k  [15 min, 2.9M]
321/2112 CD070280 {"not_from_plan":1} 0 calls 0k  [15 min, 2.9M]
322/2112 CD060616 {"verified":8,"wrong":1} 4 calls 99k  [15 min, 3.0M]
323/2112 CD070052 {"verified":1,"wrong":1,"not_from_plan":3} 3 calls 35k  [15 min, 3.1M]
324/2112 CD070456 {"not_from_plan":6} 0 calls 0k  [15 min, 3.1M]
325/2112 CD070464 {"not_from_plan":1} 0 calls 0k  [15 min, 3.1M]
326/2112 CD070485 {"not_from_plan":3} 0 calls 0k  [15 min, 3.1M]
327/2112 CD070526 {"not_from_plan":3} 0 calls 0k  [15 min, 3.1M]
328/2112 CD070256 {"verified":8,"wrong":1,"minor":1} 3 calls 34k  [15 min, 3.1M]
329/2112 CD070295 {"verified":8,"wrong":1,"minor":2} 3 calls 58k  [16 min, 3.1M]
330/2112 CD070616 {"not_from_plan":2} 0 calls 0k  [16 min, 3.1M]
331/2112 CD070051 {"verified":9,"unresolved":1,"wrong":1} 4 calls 83k  [16 min, 3.2M]
332/2112 CD070647 {"not_from_plan":1} 0 calls 0k  [16 min, 3.2M]
333/2112 CD070306 {"verified":12,"wrong":1} 4 calls 64k  [16 min, 3.3M]
334/2112 CD070677 {"not_from_plan":1} 0 calls 0k  [16 min, 3.3M]
335/2112 CD070678 {"not_from_plan":2} 0 calls 0k  [16 min, 3.3M]
336/2112 CD070705 {"not_from_plan":2} 0 calls 0k  [16 min, 3.3M]
337/2112 CD070719 {"not_from_plan":1} 0 calls 0k  [16 min, 3.3M]
338/2112 CD070666 {"verified":13,"wrong":2} 3 calls 57k  [17 min, 3.3M]
339/2112 CD070780 {"not_from_plan":1} 0 calls 0k  [17 min, 3.3M]
340/2112 CD080015 {"not_from_plan":4} 0 calls 0k  [17 min, 3.3M]
341/2112 CD080047 {"not_from_plan":4} 0 calls 0k  [17 min, 3.3M]
342/2112 CD080053 {"not_from_plan":12} 0 calls 0k  [17 min, 3.3M]
343/2112 CD080065 {"not_from_plan":3} 0 calls 0k  [17 min, 3.3M]
344/2112 CD070265 {"verified":11,"unresolved":1} 4 calls 132k  [17 min, 3.5M]
345/2112 CD080086 {"not_from_plan":1} 0 calls 0k  [17 min, 3.5M]
346/2112 CD070601 {"minor":2,"verified":9} 3 calls 45k  [17 min, 3.5M]
347/2112 CD070643 {"verified":7,"wrong":1} 3 calls 43k  [18 min, 3.6M]
348/2112 CD080219 {"not_from_plan":2} 0 calls 0k  [18 min, 3.6M]
349/2112 CD080232 {"not_from_plan":1} 0 calls 0k  [18 min, 3.6M]
350/2112 CD080233 {"not_from_plan":12} 0 calls 0k  [18 min, 3.6M]
351/2112 CD070742 {"verified":5,"minor":1,"wrong":1,"unresolved":1} 4 calls 75k  [18 min, 3.6M]
352/2112 CD080071 {"verified":11} 3 calls 58k  [18 min, 3.7M]
353/2112 CD080372 {"not_from_plan":1} 0 calls 0k  [18 min, 3.7M]
354/2112 CD080403 {"not_from_plan":1} 0 calls 0k  [19 min, 3.7M]
355/2112 CD080555 {"not_from_plan":2} 0 calls 0k  [19 min, 3.7M]
356/2112 CD080572 {"verified":1,"minor":1,"not_from_plan":4} 3 calls 39k  [19 min, 3.7M]
357/2112 CD080353 {"verified":8,"minor":1} 3 calls 31k  [19 min, 3.8M]
358/2112 CD080595 {"not_from_plan":8} 0 calls 0k  [19 min, 3.8M]
359/2112 CD080130 {"minor":2,"verified":9} 4 calls 86k  [19 min, 3.9M]
360/2112 CD080621 {"not_from_plan":1} 0 calls 0k  [19 min, 3.9M]
361/2112 CD080625 {"not_from_plan":1} 0 calls 0k  [19 min, 3.9M]
362/2112 CD080651 {"not_from_plan":5} 0 calls 0k  [19 min, 3.9M]
363/2112 CD080288 {"verified":14,"wrong":1} 3 calls 44k  [19 min, 3.9M]
364/2112 CD080171 {"verified":10,"wrong":1} 3 calls 69k  [19 min, 4.0M]
365/2112 CD090060 {"not_from_plan":2} 0 calls 0k  [19 min, 4.0M]
366/2112 CD090066 {"not_from_plan":1} 0 calls 0k  [19 min, 4.0M]
367/2112 CD090243 {"not_from_plan":2} 0 calls 0k  [19 min, 4.0M]
368/2112 CD090020 {"verified":11,"wrong":1} 3 calls 42k  [20 min, 4.0M]
369/2112 CD070566 {"verified":11,"unresolved":1,"minor":1} 4 calls 251k  [21 min, 4.3M]
370/2112 CD090290 {"not_from_plan":1} 0 calls 0k  [21 min, 4.3M]
371/2112 CD090305 {"not_from_plan":2} 0 calls 0k  [21 min, 4.3M]
372/2112 CD090309 {"not_from_plan":1} 0 calls 0k  [21 min, 4.3M]
373/2112 CD090314 {"not_from_plan":1} 0 calls 0k  [21 min, 4.3M]
374/2112 CD090276 {"verified":8,"minor":1,"wrong":2} 3 calls 37k  [21 min, 4.3M]
375/2112 CD100020 {"not_from_plan":1} 0 calls 0k  [21 min, 4.3M]
376/2112 CD100081 {"not_from_plan":2} 0 calls 0k  [21 min, 4.3M]
377/2112 CD100083 {"not_from_plan":2} 0 calls 0k  [21 min, 4.3M]
378/2112 CD100088 {"not_from_plan":2} 0 calls 0k  [21 min, 4.3M]
379/2112 CD100089 {"not_from_plan":2} 0 calls 0k  [21 min, 4.3M]
380/2112 CD090248 {"verified":9,"minor":1} 3 calls 38k  [21 min, 4.3M]
381/2112 CD100158 {"not_from_plan":3} 0 calls 0k  [21 min, 4.3M]
382/2112 CD090048 {"verified":9} 3 calls 57k  [21 min, 4.4M]
383/2112 CD080586 {"verified":8,"wrong":2,"minor":2} 3 calls 46k  [21 min, 4.4M]
384/2112 CD100260 {"not_from_plan":1} 0 calls 0k  [21 min, 4.4M]
385/2112 CD100274 {"not_from_plan":2} 0 calls 0k  [21 min, 4.4M]
386/2112 CD110001 {"not_from_plan":3} 0 calls 0k  [21 min, 4.4M]
387/2112 CD110094 {"not_from_plan":3} 0 calls 0k  [21 min, 4.4M]
388/2112 CD110095 {"not_from_plan":3} 0 calls 0k  [21 min, 4.4M]
389/2112 CD100111 {"minor":2,"verified":13} 3 calls 39k  [22 min, 4.5M]
390/2112 CD080598 {"minor":1,"verified":11,"wrong":1} 3 calls 58k  [22 min, 4.5M]
391/2112 CD110144 {"verified":13} 3 calls 62k  [22 min, 4.6M]
392/2112 CD110193 {"not_from_plan":1} 0 calls 0k  [22 min, 4.6M]
393/2112 CD090367 {"verified":7,"minor":1,"wrong":1} 4 calls 68k  [23 min, 4.7M]
394/2112 CD120008 {"not_from_plan":13} 0 calls 0k  [23 min, 4.7M]
395/2112 CD120009 {"not_from_plan":1} 0 calls 0k  [23 min, 4.7M]
396/2112 CD120013 {"not_from_plan":3} 0 calls 0k  [23 min, 4.7M]
397/2112 CD120014 {"not_from_plan":1} 0 calls 0k  [23 min, 4.7M]
398/2112 CD120023 {"not_from_plan":1} 0 calls 0k  [23 min, 4.7M]
399/2112 CD120025 {"not_from_plan":1} 0 calls 0k  [23 min, 4.7M]
400/2112 CD120027 {"not_from_plan":1} 0 calls 0k  [23 min, 4.7M]
401/2112 CD120028 {"not_from_plan":1} 0 calls 0k  [23 min, 4.7M]
402/2112 CD120029 {"not_from_plan":1} 0 calls 0k  [23 min, 4.7M]
403/2112 CD120030 {"not_from_plan":1} 0 calls 0k  [23 min, 4.7M]
404/2112 CD120032 {"not_from_plan":1} 0 calls 0k  [23 min, 4.7M]
405/2112 CD120033 {"not_from_plan":1} 0 calls 0k  [23 min, 4.7M]
406/2112 CD120034 {"not_from_plan":1} 0 calls 0k  [23 min, 4.7M]
407/2112 CD120036 {"not_from_plan":4} 0 calls 0k  [23 min, 4.7M]
408/2112 CD120040 {"not_from_plan":1} 0 calls 0k  [23 min, 4.7M]
409/2112 CD120041 {"not_from_plan":1} 0 calls 0k  [23 min, 4.7M]
410/2112 CD120042 {"not_from_plan":3} 0 calls 0k  [23 min, 4.7M]
411/2112 CD120043 {"not_from_plan":3} 0 calls 0k  [23 min, 4.7M]
412/2112 CD120048 {"not_from_plan":1} 0 calls 0k  [23 min, 4.7M]
413/2112 CD120049 {"not_from_plan":1} 0 calls 0k  [23 min, 4.7M]
414/2112 CD120050 {"not_from_plan":3} 0 calls 0k  [23 min, 4.7M]
415/2112 CD120052 {"not_from_plan":1} 0 calls 0k  [23 min, 4.7M]
416/2112 CD120053 {"not_from_plan":1} 0 calls 0k  [23 min, 4.7M]
417/2112 CD120054 {"not_from_plan":1} 0 calls 0k  [23 min, 4.7M]
418/2112 CD120057 {"not_from_plan":4} 0 calls 0k  [23 min, 4.7M]
419/2112 CD120058 {"not_from_plan":3} 0 calls 0k  [23 min, 4.7M]
420/2112 CD120060 {"not_from_plan":1} 0 calls 0k  [23 min, 4.7M]
421/2112 CD120061 {"not_from_plan":3} 0 calls 0k  [23 min, 4.7M]
422/2112 CD120062 {"not_from_plan":3} 0 calls 0k  [23 min, 4.7M]
423/2112 CD120063 {"not_from_plan":1} 0 calls 0k  [23 min, 4.7M]
424/2112 CD120073 {"not_from_plan":1} 0 calls 0k  [23 min, 4.7M]
425/2112 CD120075 {"not_from_plan":1} 0 calls 0k  [23 min, 4.7M]
426/2112 CD120076 {"not_from_plan":1} 0 calls 0k  [23 min, 4.7M]
427/2112 CD120078 {"not_from_plan":3} 0 calls 0k  [23 min, 4.7M]
428/2112 CD120079 {"not_from_plan":1} 0 calls 0k  [23 min, 4.7M]
429/2112 CD120080 {"not_from_plan":1} 0 calls 0k  [23 min, 4.7M]
430/2112 CD120081 {"not_from_plan":3} 0 calls 0k  [23 min, 4.7M]
431/2112 CD120082 {"not_from_plan":3} 0 calls 0k  [23 min, 4.7M]
432/2112 CD120088 {"not_from_plan":1} 0 calls 0k  [23 min, 4.7M]
433/2112 CD120089 {"not_from_plan":4} 0 calls 0k  [23 min, 4.7M]
434/2112 CD120094 {"not_from_plan":1} 0 calls 0k  [23 min, 4.7M]
435/2112 CD120095 {"not_from_plan":1} 0 calls 0k  [23 min, 4.7M]
436/2112 CD120098 {"not_from_plan":2} 0 calls 0k  [23 min, 4.7M]
437/2112 CD120104 {"not_from_plan":1} 0 calls 0k  [23 min, 4.7M]
438/2112 CD120105 {"not_from_plan":1} 0 calls 0k  [23 min, 4.7M]
439/2112 CD120106 {"not_from_plan":1} 0 calls 0k  [23 min, 4.7M]
440/2112 CD120107 {"not_from_plan":4} 0 calls 0k  [23 min, 4.7M]
441/2112 CD120108 {"not_from_plan":4} 0 calls 0k  [23 min, 4.7M]
442/2112 CD120109 {"not_from_plan":1} 0 calls 0k  [23 min, 4.7M]
443/2112 CD120110 {"not_from_plan":1} 0 calls 0k  [23 min, 4.7M]
444/2112 CD120111 {"not_from_plan":3} 0 calls 0k  [23 min, 4.7M]
445/2112 CD120112 {"not_from_plan":1} 0 calls 0k  [23 min, 4.7M]
446/2112 CD120113 {"not_from_plan":2} 0 calls 0k  [23 min, 4.7M]
447/2112 CD120114 {"not_from_plan":2} 0 calls 0k  [23 min, 4.7M]
448/2112 CD120115 {"not_from_plan":1} 0 calls 0k  [23 min, 4.7M]
449/2112 CD120116 {"not_from_plan":3} 0 calls 0k  [23 min, 4.7M]
450/2112 CD120118 {"not_from_plan":1} 0 calls 0k  [23 min, 4.7M]
451/2112 CD120122 {"not_from_plan":3} 0 calls 0k  [23 min, 4.7M]
452/2112 CD120123 {"not_from_plan":1} 0 calls 0k  [23 min, 4.7M]
453/2112 CD120124 {"not_from_plan":2} 0 calls 0k  [23 min, 4.7M]
454/2112 CD120125 {"verified":1,"unresolved":1,"not_from_plan":3} 3 calls 31k  [23 min, 4.7M]
455/2112 CD120126 {"not_from_plan":1} 0 calls 0k  [23 min, 4.7M]
456/2112 CD120127 {"not_from_plan":3} 0 calls 0k  [23 min, 4.7M]
457/2112 CD120128 {"not_from_plan":1} 0 calls 0k  [23 min, 4.7M]
458/2112 CD120130 {"not_from_plan":1} 0 calls 0k  [23 min, 4.7M]
459/2112 CD120131 {"not_from_plan":4} 0 calls 0k  [23 min, 4.7M]
460/2112 CD120132 {"not_from_plan":1} 0 calls 0k  [23 min, 4.7M]
461/2112 CD120134 {"not_from_plan":2} 0 calls 0k  [23 min, 4.7M]
462/2112 CD120135 {"not_from_plan":1} 0 calls 0k  [23 min, 4.7M]
463/2112 CD120136 {"not_from_plan":1} 0 calls 0k  [23 min, 4.7M]
464/2112 CD120137 {"not_from_plan":3} 0 calls 0k  [23 min, 4.7M]
465/2112 CD120143 {"not_from_plan":1} 0 calls 0k  [23 min, 4.7M]
466/2112 CD110101 {"verified":9,"wrong":1} 3 calls 46k  [23 min, 4.7M]
467/2112 CD120149 {"not_from_plan":1} 0 calls 0k  [23 min, 4.7M]
468/2112 CD120151 {"not_from_plan":1} 0 calls 0k  [23 min, 4.7M]
469/2112 CD120152 {"not_from_plan":2} 0 calls 0k  [23 min, 4.7M]
470/2112 CD120153 {"not_from_plan":3} 0 calls 0k  [23 min, 4.7M]
471/2112 CD120155 {"not_from_plan":2} 0 calls 0k  [23 min, 4.7M]
472/2112 CD120157 {"verified":2,"not_from_plan":2} 2 calls 25k  [24 min, 4.8M]
473/2112 CD120158 {"not_from_plan":2} 0 calls 0k  [24 min, 4.8M]
474/2112 CD120159 {"not_from_plan":1} 0 calls 0k  [24 min, 4.8M]
475/2112 CD120160 {"not_from_plan":3} 0 calls 0k  [24 min, 4.8M]
476/2112 CD120177 {"not_from_plan":5} 0 calls 0k  [24 min, 4.8M]
477/2112 CD120180 {"not_from_plan":2} 0 calls 0k  [24 min, 4.8M]
478/2112 CD120183 {"not_from_plan":1} 0 calls 0k  [24 min, 4.8M]
479/2112 CD120185 {"not_from_plan":1} 0 calls 0k  [24 min, 4.8M]
480/2112 CD120186 {"not_from_plan":1} 0 calls 0k  [24 min, 4.8M]
481/2112 CD120187 {"not_from_plan":1} 0 calls 0k  [24 min, 4.8M]
482/2112 CD120190 {"not_from_plan":1} 0 calls 0k  [24 min, 4.8M]
483/2112 CD120192 {"not_from_plan":1} 0 calls 0k  [24 min, 4.8M]
484/2112 CD120194 {"not_from_plan":1} 0 calls 0k  [24 min, 4.8M]
485/2112 CD120195 {"not_from_plan":3} 0 calls 0k  [24 min, 4.8M]
486/2112 CD120199 {"not_from_plan":1} 0 calls 0k  [24 min, 4.8M]
487/2112 CD120200 {"not_from_plan":1} 0 calls 0k  [24 min, 4.8M]
488/2112 CD120201 {"not_from_plan":3} 0 calls 0k  [24 min, 4.8M]
489/2112 CD120202 {"not_from_plan":6} 0 calls 0k  [24 min, 4.8M]
490/2112 CD120203 {"not_from_plan":1} 0 calls 0k  [24 min, 4.8M]
491/2112 CD120204 {"not_from_plan":1} 0 calls 0k  [24 min, 4.8M]
492/2112 CD120205 {"not_from_plan":1} 0 calls 0k  [24 min, 4.8M]
493/2112 CD120206 {"not_from_plan":1} 0 calls 0k  [24 min, 4.8M]
494/2112 CD120207 {"not_from_plan":1} 0 calls 0k  [24 min, 4.8M]
495/2112 CD120208 {"not_from_plan":2} 0 calls 0k  [24 min, 4.8M]
496/2112 CD120210 {"not_from_plan":1} 0 calls 0k  [24 min, 4.8M]
497/2112 CD120211 {"not_from_plan":5} 0 calls 0k  [24 min, 4.8M]
498/2112 CD120212 {"not_from_plan":1} 0 calls 0k  [24 min, 4.8M]
499/2112 CD120214 {"not_from_plan":3} 0 calls 0k  [24 min, 4.8M]
500/2112 CD120217 {"not_from_plan":2} 0 calls 0k  [24 min, 4.8M]
501/2112 CD120227 {"not_from_plan":2} 0 calls 0k  [24 min, 4.8M]
502/2112 CD120228 {"not_from_plan":2} 0 calls 0k  [24 min, 4.8M]
503/2112 CD120232 {"not_from_plan":1} 0 calls 0k  [24 min, 4.8M]
504/2112 CD120233 {"not_from_plan":2} 0 calls 0k  [24 min, 4.8M]
505/2112 CD120236 {"not_from_plan":1} 0 calls 0k  [24 min, 4.8M]
506/2112 CD120237 {"not_from_plan":1} 0 calls 0k  [24 min, 4.8M]
507/2112 CD120238 {"not_from_plan":1} 0 calls 0k  [24 min, 4.8M]
508/2112 CD120240 {"not_from_plan":2} 0 calls 0k  [24 min, 4.8M]
509/2112 CD120242 {"not_from_plan":2} 0 calls 0k  [24 min, 4.8M]
510/2112 CD110239 {"verified":9} 2 calls 40k  [24 min, 4.8M]
511/2112 CD130039 {"not_from_plan":1} 0 calls 0k  [24 min, 4.8M]
512/2112 CD130043 {"not_from_plan":1} 0 calls 0k  [24 min, 4.8M]
513/2112 CD110177 {"verified":14,"wrong":1} 3 calls 70k  [24 min, 4.9M]
514/2112 CD130086 {"not_from_plan":1} 0 calls 0k  [24 min, 4.9M]
515/2112 CD130088 {"not_from_plan":1} 0 calls 0k  [24 min, 4.9M]
516/2112 CD100178 {"verified":9,"wrong":3} 3 calls 64k  [24 min, 4.9M]
517/2112 CD130020 {"verified":9} 3 calls 54k  [24 min, 5.0M]
518/2112 CD120147 {"verified":11,"minor":1} 3 calls 61k  [25 min, 5.1M]
519/2112 CD130137 {"verified":10,"minor":1} 3 calls 70k  [26 min, 5.1M]
520/2112 CD130089 {"verified":8,"wrong":2} 3 calls 53k  [26 min, 5.2M]
521/2112 CD100208 {"minor":1,"verified":8,"wrong":1} 4 calls 171k  [26 min, 5.4M]
522/2112 CD130100 {"verified":15} 3 calls 53k  [27 min, 5.4M]
523/2112 CD130155 {"verified":7,"wrong":1} 3 calls 30k  [27 min, 5.4M]
524/2112 CD130081 {"verified":19} 3 calls 101k  [27 min, 5.5M]
525/2112 CD130156 {"verified":11,"minor":1} 3 calls 47k  [27 min, 5.6M]
526/2112 CD130179 {"verified":6,"wrong":3} 3 calls 47k  [28 min, 5.6M]
527/2112 CD130227 {"verified":5,"minor":4} 3 calls 53k  [28 min, 5.7M]
528/2112 CD130238 {"verified":2,"unresolved":1} 4 calls 31k  [28 min, 5.7M]
529/2112 CD130246 {"verified":6,"minor":2} 3 calls 49k  [29 min, 5.8M]
530/2112 CD130262 {"verified":8,"wrong":2} 3 calls 57k  [29 min, 5.8M]
531/2112 CD130123 {"verified":10,"minor":1} 3 calls 120k  [29 min, 5.9M]
532/2112 CD130282 {"verified":11,"wrong":1} 3 calls 64k  [29 min, 6.0M]
533/2112 CD130173 {"verified":11,"wrong":3,"minor":1} 3 calls 51k  [29 min, 6.1M]
534/2112 CD130172 {"verified":8,"minor":1} 3 calls 75k  [29 min, 6.1M]
535/2112 CD130326 {"verified":11} 3 calls 56k  [30 min, 6.2M]
536/2112 CD140017 {"not_from_plan":2} 0 calls 0k  [30 min, 6.2M]
537/2112 CD130272 {"wrong":4,"verified":6,"minor":2} 3 calls 68k  [30 min, 6.3M]
538/2112 CD140024 {"verified":8} 3 calls 39k  [30 min, 6.3M]
539/2112 CD130314 {"verified":6,"wrong":3} 4 calls 72k  [30 min, 6.4M]
540/2112 CD140032 {"verified":8,"minor":1} 3 calls 52k  [31 min, 6.4M]
541/2112 CD140027 {"verified":9,"wrong":1} 3 calls 63k  [32 min, 6.5M]
542/2112 CD140077 {"not_from_plan":3} 0 calls 0k  [32 min, 6.5M]
543/2112 CD140042 {"verified":10} 3 calls 45k  [32 min, 6.5M]
544/2112 CD140113 {"not_from_plan":1} 0 calls 0k  [32 min, 6.5M]
545/2112 CD140125 {"not_from_plan":1} 0 calls 0k  [32 min, 6.5M]
546/2112 CD140005 {"verified":8,"minor":1,"wrong":2} 3 calls 66k  [32 min, 6.6M]
547/2112 CD140139 {"not_from_plan":1} 0 calls 0k  [32 min, 6.6M]
548/2112 CD140140 {"verified":6,"minor":1,"wrong":2} 3 calls 51k  [33 min, 6.6M]
549/2112 CD140143 {"not_from_plan":2} 0 calls 0k  [33 min, 6.6M]
550/2112 CD140062 {"verified":11,"minor":2,"wrong":2} 4 calls 63k  [34 min, 6.7M]
551/2112 CD140149 {"verified":11} 3 calls 60k  [34 min, 6.8M]
552/2112 CD130300 {"verified":8,"wrong":2} 4 calls 232k  [34 min, 7.0M]
553/2112 CD140174 {"not_from_plan":1} 0 calls 0k  [34 min, 7.0M]
554/2112 CD130306 {"verified":9,"unresolved":1,"wrong":1} 4 calls 142k  [34 min, 7.1M]
555/2112 CD140111 {"verified":10,"wrong":3,"unresolved":1} 4 calls 140k  [34 min, 7.3M]
556/2112 CD140185 {"verified":11,"wrong":1} 3 calls 51k  [35 min, 7.3M]
557/2112 CD140205 {"minor":2,"verified":17,"wrong":1} 3 calls 66k  [35 min, 7.4M]
558/2112 CD140129 {"minor":1,"verified":9} 3 calls 97k  [35 min, 7.5M]
559/2112 CD140163 {"verified":9} 3 calls 56k  [36 min, 7.5M]
560/2112 CD140224 {"verified":10} 2 calls 25k  [36 min, 7.6M]
561/2112 CD140158 {"verified":15,"minor":1} 3 calls 67k  [36 min, 7.6M]
562/2112 CD140221 {"verified":3} 4 calls 50k  [36 min, 7.7M]
563/2112 CD140259 {"verified":10,"minor":3} 3 calls 64k  [37 min, 7.8M]
564/2112 CD140212 {"verified":12,"minor":1} 4 calls 59k  [37 min, 7.8M]
565/2112 CD140183 {"verified":11} 3 calls 57k  [37 min, 7.9M]
566/2112 CD140280 {"verified":8} 3 calls 38k  [37 min, 7.9M]
567/2112 CD140265 {"verified":12} 3 calls 48k  [37 min, 8.0M]
568/2112 CD140311 {"verified":9,"wrong":1} 3 calls 46k  [38 min, 8.0M]
569/2112 CD140253 {"verified":12} 3 calls 75k  [38 min, 8.1M]
570/2112 CD140230 {"verified":18,"minor":1} 3 calls 76k  [38 min, 8.2M]
571/2112 CD140261 {"verified":11,"wrong":2} 3 calls 41k  [38 min, 8.2M]
572/2112 CD140348 {"verified":12} 3 calls 62k  [38 min, 8.3M]
573/2112 CD140322 {"minor":1,"verified":12} 4 calls 80k  [39 min, 8.3M]
574/2112 CD140358 {"minor":2,"verified":12} 3 calls 59k  [39 min, 8.4M]
575/2112 CD140381 {"verified":11} 3 calls 54k  [40 min, 8.4M]
576/2112 CD140317 {"verified":12,"wrong":1,"minor":1} 3 calls 89k  [40 min, 8.5M]
577/2112 CD140383 {"verified":11} 2 calls 37k  [40 min, 8.6M]
578/2112 CD140367 {"verified":11} 3 calls 60k  [40 min, 8.6M]
579/2112 CD150002 {"verified":9,"wrong":2} 3 calls 63k  [41 min, 8.7M]
580/2112 CD140371 {"verified":8,"minor":2,"wrong":1} 3 calls 62k  [41 min, 8.8M]
581/2112 CD140335 {"verified":11} 3 calls 92k  [41 min, 8.9M]
582/2112 CD140319 {"verified":13,"unresolved":1} 4 calls 191k  [41 min, 9.0M]
583/2112 CD150024 {"verified":11} 3 calls 53k  [41 min, 9.1M]
584/2112 CD150044 {"verified":12} 3 calls 58k  [42 min, 9.2M]
585/2112 CD150051 {"verified":10} 3 calls 40k  [42 min, 9.2M]
586/2112 CD150058 {"verified":10} 3 calls 48k  [42 min, 9.2M]
587/2112 CD150080 {"verified":11} 3 calls 60k  [42 min, 9.3M]
588/2112 CD150006 {"verified":13} 3 calls 41k  [43 min, 9.3M]
589/2112 CD150141 {"verified":11} 2 calls 32k  [43 min, 9.4M]
590/2112 CD150088 {"verified":9,"wrong":1,"unresolved":1} 4 calls 173k  [44 min, 9.5M]
591/2112 CD140402 {"verified":14,"minor":1} 3 calls 108k  [44 min, 9.7M]
592/2112 CD150007 {"verified":13} 4 calls 112k  [45 min, 9.8M]
593/2112 CD150135 {"verified":13,"minor":1} 4 calls 82k  [45 min, 9.8M]
594/2112 CD150174 {"verified":9,"wrong":1} 3 calls 49k  [45 min, 9.9M]
595/2112 CD150154 {"verified":12} 3 calls 78k  [45 min, 10.0M]
596/2112 CD150095 {"minor":1,"verified":11} 3 calls 78k  [46 min, 10.1M]
597/2112 CD150167 {"verified":9,"wrong":1} 3 calls 46k  [46 min, 10.1M]
598/2112 CD150182 {"verified":9,"minor":2} 3 calls 59k  [46 min, 10.2M]
599/2112 CD150245 ERROR Bad escaped character in JSON at position 1152 (line 1 column 1153)
600/2112 CD150165 {"verified":9,"minor":1,"wrong":4,"unresolved":1} 4 calls 192k  [47 min, 10.3M]
601/2112 CD150200 {"verified":11,"minor":2} 3 calls 79k  [47 min, 10.4M]
602/2112 CD150273 {"wrong":1,"verified":7,"minor":1} 3 calls 35k  [48 min, 10.5M]
603/2112 CD150185 {"verified":10,"wrong":1} 3 calls 68k  [48 min, 10.5M]
604/2112 CD150238 {"verified":11,"wrong":1} 3 calls 58k  [48 min, 10.6M]
605/2112 CD150263 {"verified":8,"unresolved":1} 4 calls 115k  [49 min, 10.7M]
606/2112 CD150251 {"verified":7,"unresolved":1} 4 calls 188k  [49 min, 10.9M]
607/2112 CD150340 {"minor":1,"verified":8} 3 calls 42k  [49 min, 10.9M]
608/2112 CD150342 {"verified":11} 2 calls 38k  [49 min, 11.0M]
609/2112 CD150341 {"verified":12} 3 calls 40k  [49 min, 11.0M]
610/2112 CD150325 {"verified":13,"minor":1,"unresolved":1} 4 calls 239k  [50 min, 11.3M]
611/2112 CD150298 {"verified":11} 3 calls 69k  [50 min, 11.3M]
612/2112 CD150377 {"verified":10} 3 calls 51k  [50 min, 11.4M]
613/2112 CD150382 {"minor":1,"verified":13} 3 calls 67k  [50 min, 11.4M]
614/2112 CD150390 {"verified":10} 2 calls 33k  [50 min, 11.5M]
615/2112 CD150383 {"verified":8,"wrong":1,"minor":1} 3 calls 34k  [51 min, 11.5M]
616/2112 CD150253 {"verified":10,"minor":4} 3 calls 85k  [51 min, 11.6M]
617/2112 CD150402 {"verified":16,"wrong":2} 3 calls 56k  [51 min, 11.6M]
618/2112 CD160013 {"verified":7} 3 calls 43k  [51 min, 11.7M]
619/2112 CD160055 {"verified":10} 3 calls 51k  [52 min, 11.7M]
620/2112 CD160056 {"verified":7,"wrong":2,"minor":1} 3 calls 56k  [52 min, 11.8M]
621/2112 CD160065 {"verified":11} 2 calls 39k  [52 min, 11.8M]
622/2112 CD160069 {"verified":1,"unresolved":2} 3 calls 12k  [52 min, 11.8M]
623/2112 CD150353 {"minor":1,"verified":6,"wrong":1} 3 calls 85k  [52 min, 11.9M]
624/2112 CD160016 {"verified":9,"minor":1} 3 calls 53k  [52 min, 12.0M]
625/2112 CD160088 {"verified":11,"minor":2} 3 calls 43k  [53 min, 12.0M]
626/2112 CD160045 {"minor":1,"verified":11} 3 calls 47k  [53 min, 12.1M]
627/2112 CD160003 {"verified":7} 4 calls 159k  [53 min, 12.2M]
628/2112 CD160101 {"verified":11} 3 calls 61k  [53 min, 12.3M]
629/2112 CD160112 {"verified":9,"minor":3} 3 calls 61k  [53 min, 12.4M]
630/2112 CD160113 {"verified":8,"minor":1,"wrong":1} 3 calls 52k  [53 min, 12.4M]
631/2112 CD160125 {"verified":10,"minor":1} 3 calls 28k  [54 min, 12.4M]
632/2112 CD160142 {"verified":9,"minor":2} 3 calls 54k  [54 min, 12.5M]
633/2112 CD160099 {"verified":8,"minor":1} 3 calls 51k  [54 min, 12.5M]
634/2112 CD160197 {"verified":11} 2 calls 39k  [54 min, 12.6M]
635/2112 CD160166 {"verified":9,"wrong":1,"minor":1} 3 calls 51k  [54 min, 12.6M]
636/2112 CD160170 {"verified":11} 3 calls 62k  [55 min, 12.7M]
637/2112 CD160240 {"verified":9,"wrong":1} 3 calls 47k  [55 min, 12.7M]
638/2112 CD160149 {"verified":11} 3 calls 50k  [55 min, 12.8M]
639/2112 CD160214 {"verified":9,"minor":1} 3 calls 52k  [55 min, 12.8M]
640/2112 CD160120 {"minor":1,"verified":6} 4 calls 121k  [55 min, 13.0M]
641/2112 CD160238 {"verified":7,"minor":1} 3 calls 61k  [56 min, 13.0M]
642/2112 CD160097 {"verified":12,"unsupported":1} 3 calls 107k  [57 min, 13.1M]
643/2112 CD160304 {"verified":9,"wrong":2} 3 calls 57k  [57 min, 13.2M]
644/2112 CD160297 {"verified":10} 3 calls 58k  [57 min, 13.2M]
645/2112 CD160243 {"verified":8,"minor":1,"wrong":1} 4 calls 133k  [57 min, 13.4M]
646/2112 CD160305 {"verified":8,"wrong":1,"minor":1} 3 calls 48k  [57 min, 13.4M]
647/2112 CD160275 {"verified":8,"wrong":2} 3 calls 72k  [58 min, 13.5M]
648/2112 CD160277 {"verified":9,"minor":4} 3 calls 79k  [58 min, 13.6M]
649/2112 CD160336 {"verified":9,"unresolved":1} 4 calls 144k  [59 min, 13.7M]
650/2112 CD160341 {"verified":8,"wrong":1} 3 calls 45k  [59 min, 13.8M]
651/2112 CD160329 {"verified":9,"minor":1} 3 calls 50k  [59 min, 13.8M]
652/2112 CD160351 {"verified":11} 3 calls 57k  [59 min, 13.9M]
653/2112 CD160313 {"verified":14,"unresolved":1} 4 calls 275k  [59 min, 14.1M]
654/2112 CD160352 {"verified":11} 3 calls 57k  [60 min, 14.2M]
655/2112 CD160357 ERROR Unexpected non-whitespace character after JSON at position 1693 (line 3 column 1)
656/2112 CD160316 {"verified":7,"minor":1} 4 calls 84k  [60 min, 14.3M]
657/2112 CD160364 {"verified":9,"minor":1,"wrong":1} 3 calls 56k  [60 min, 14.3M]
658/2112 CD160374 {"verified":13} 3 calls 50k  [60 min, 14.4M]
659/2112 CD160369 {"verified":8,"wrong":1} 3 calls 52k  [60 min, 14.4M]
660/2112 CD160384 {"verified":11} 3 calls 44k  [61 min, 14.5M]
661/2112 CD160358 {"verified":11} 3 calls 40k  [61 min, 14.5M]
662/2112 CD160390 {"verified":9,"minor":1} 3 calls 47k  [61 min, 14.6M]
663/2112 CD160393 {"verified":9,"minor":1} 3 calls 52k  [61 min, 14.6M]
664/2112 CD160340 {"verified":11,"minor":1,"wrong":1} 3 calls 65k  [62 min, 14.7M]
665/2112 CD160395 {"verified":6,"minor":1} 3 calls 49k  [63 min, 14.7M]
666/2112 CD160394 {"minor":1,"verified":11} 3 calls 64k  [63 min, 14.8M]
667/2112 CD160371 {"minor":1,"verified":17} 4 calls 127k  [63 min, 14.9M]
668/2112 CD160391 {"verified":12,"wrong":1} 3 calls 70k  [63 min, 15.0M]
669/2112 CD160410 {"verified":8,"wrong":1} 3 calls 40k  [64 min, 15.0M]
670/2112 CD160408 {"verified":8,"unresolved":1} 4 calls 117k  [64 min, 15.2M]
671/2112 CD170003 {"minor":1,"verified":9,"wrong":1} 3 calls 38k  [65 min, 15.2M]
672/2112 CD160403 {"verified":13,"wrong":1} 3 calls 69k  [65 min, 15.3M]
673/2112 CD160401 ERROR Unexpected non-whitespace character after JSON at position 1163 (line 3 column 1)
674/2112 CD160411 {"verified":8,"minor":1,"wrong":1} 3 calls 58k  [65 min, 15.3M]
675/2112 CD170002 {"verified":7} 3 calls 63k  [66 min, 15.4M]
676/2112 CD170005 {"verified":8,"wrong":2} 3 calls 47k  [67 min, 15.4M]
677/2112 CD170018 {"verified":9,"wrong":1} 3 calls 36k  [67 min, 15.5M]
678/2112 CD160413 {"verified":8} 4 calls 104k  [67 min, 15.6M]
679/2112 CD170006 {"verified":19,"minor":1,"wrong":1,"unresolved":1} 4 calls 185k  [67 min, 15.8M]
680/2112 CD170024 {"verified":9,"minor":1,"wrong":1} 3 calls 48k  [68 min, 15.8M]
681/2112 CD170026 {"verified":8,"minor":1} 3 calls 41k  [68 min, 15.9M]
682/2112 CD170022 {"verified":9} 2 calls 36k  [68 min, 15.9M]
683/2112 CD170015 {"verified":7,"wrong":1,"minor":1} 3 calls 67k  [68 min, 16.0M]
684/2112 CD170044 {"verified":10} 3 calls 54k  [68 min, 16.0M]
685/2112 CD170023 {"verified":8,"minor":1} 3 calls 40k  [68 min, 16.0M]
686/2112 CD170046 {"verified":9} 3 calls 50k  [69 min, 16.1M]
687/2112 CD170052 {"verified":14,"wrong":1} 3 calls 78k  [69 min, 16.2M]
688/2112 CD170027 {"verified":8,"wrong":1} 3 calls 51k  [70 min, 16.2M]
689/2112 CD170056 {"verified":12,"minor":1,"wrong":1} 3 calls 42k  [70 min, 16.3M]
690/2112 CD170048 {"verified":9,"wrong":2} 3 calls 53k  [70 min, 16.3M]
691/2112 CD170039 {"verified":7,"wrong":2} 4 calls 101k  [70 min, 16.4M]
692/2112 CD170050 {"verified":8,"minor":1,"unresolved":1} 4 calls 219k  [70 min, 16.6M]
693/2112 CD170062 {"verified":9} 3 calls 34k  [70 min, 16.7M]
694/2112 CD170065 {"verified":9} 3 calls 39k  [71 min, 16.7M]
695/2112 CD170088 {"verified":8,"minor":1} 3 calls 53k  [71 min, 16.8M]
696/2112 CD170063 {"verified":6,"wrong":2,"unresolved":1} 4 calls 137k  [72 min, 16.9M]
697/2112 CD170070 {"verified":20} 3 calls 72k  [72 min, 17.0M]
698/2112 CD170085 {"verified":8,"wrong":1} 3 calls 49k  [72 min, 17.0M]
699/2112 CD170102 {"verified":11,"minor":1} 3 calls 51k  [73 min, 17.1M]
700/2112 CD170059 {"verified":11,"wrong":1} 3 calls 87k  [73 min, 17.2M]
701/2112 CD170114 {"verified":11,"minor":1} 3 calls 41k  [73 min, 17.2M]
702/2112 CD170154 {"verified":11} 3 calls 45k  [73 min, 17.2M]
703/2112 CD170135 {"verified":9,"wrong":2} 3 calls 52k  [74 min, 17.3M]
704/2112 CD170091 {"verified":10} 4 calls 58k  [74 min, 17.4M]
705/2112 CD170194 {"verified":7,"wrong":1,"unresolved":1} 4 calls 179k  [75 min, 17.5M]
706/2112 CD170169 {"verified":13} 3 calls 53k  [75 min, 17.6M]
707/2112 CD170074 {"verified":5,"wrong":2,"unresolved":1} 4 calls 183k  [75 min, 17.8M]
708/2112 CD170185 {"verified":9} 3 calls 44k  [75 min, 17.8M]
709/2112 CD170203 {"verified":11} 3 calls 54k  [76 min, 17.9M]
710/2112 CD170213 {"verified":8} 3 calls 43k  [76 min, 17.9M]
711/2112 CD170129 {"verified":6,"wrong":2,"unresolved":1} 3 calls 82k  [76 min, 18.0M]
712/2112 CD170208 {"verified":18} 3 calls 67k  [76 min, 18.1M]
713/2112 CD170230 {"verified":8,"minor":1} 3 calls 53k  [77 min, 18.1M]
714/2112 CD170121 {"verified":12} 3 calls 99k  [77 min, 18.2M]
715/2112 CD170232 {"verified":10,"minor":1} 3 calls 55k  [77 min, 18.3M]
716/2112 CD170236 {"verified":9,"wrong":1} 3 calls 48k  [77 min, 18.3M]
717/2112 CD170222 {"verified":3} 3 calls 13k  [77 min, 18.3M]
718/2112 CD170221 {"verified":6,"minor":3} 3 calls 46k  [77 min, 18.4M]
719/2112 CD170220 {"verified":8,"minor":1} 4 calls 62k  [78 min, 18.4M]
720/2112 CD170269 {"verified":12,"minor":1} 3 calls 37k  [78 min, 18.5M]
721/2112 CD170265 {"verified":11} 4 calls 61k  [78 min, 18.5M]
722/2112 CD170250 {"verified":11,"minor":1} 3 calls 36k  [79 min, 18.6M]
723/2112 CD170241 {"verified":15,"minor":1} 4 calls 102k  [79 min, 18.7M]
724/2112 CD170243 {"verified":10} 4 calls 112k  [79 min, 18.8M]
725/2112 CD170282 {"verified":7,"wrong":1} 3 calls 49k  [80 min, 18.8M]
726/2112 CD170302 {"verified":10,"wrong":2} 3 calls 60k  [80 min, 18.9M]
727/2112 CD170298 {"verified":8,"minor":1} 3 calls 52k  [80 min, 18.9M]
728/2112 CD170331 {"not_from_plan":2} 0 calls 0k  [80 min, 18.9M]
729/2112 CD170311 {"verified":8} 3 calls 45k  [80 min, 19.0M]
730/2112 CD170315 {"verified":10} 3 calls 60k  [80 min, 19.1M]
731/2112 CD170333 {"verified":8} 3 calls 31k  [81 min, 19.1M]
732/2112 CD170310 {"verified":8} 3 calls 45k  [81 min, 19.1M]
733/2112 CD170319 {"verified":10} 3 calls 76k  [82 min, 19.2M]
734/2112 CD170284 {"verified":7,"wrong":1,"unresolved":1} 4 calls 215k  [82 min, 19.4M]
735/2112 CD170371 {"verified":5,"unresolved":1} 3 calls 18k  [82 min, 19.4M]
736/2112 CD170358 {"verified":7,"wrong":2,"unresolved":1} 4 calls 175k  [83 min, 19.6M]
737/2112 CD180007 {"verified":12} 3 calls 47k  [83 min, 19.7M]
738/2112 CD170342 {"verified":10,"wrong":1} 3 calls 75k  [83 min, 19.7M]
739/2112 CD170362 {"verified":11,"minor":1,"unresolved":1} 4 calls 167k  [83 min, 19.9M]
740/2112 CD170375 {"verified":7,"minor":1,"wrong":2} 3 calls 40k  [83 min, 19.9M]
741/2112 CD170378 {"verified":9} 3 calls 49k  [84 min, 20.0M]
742/2112 CD180010 {"verified":13} 3 calls 55k  [84 min, 20.0M]
743/2112 CD180013 {"verified":7,"wrong":1,"minor":1} 3 calls 46k  [84 min, 20.1M]
744/2112 CD180012 {"minor":2,"verified":10} 3 calls 49k  [85 min, 20.1M]
745/2112 CD180048 {"verified":12,"wrong":1} 3 calls 62k  [86 min, 20.2M]
746/2112 CD180014 {"verified":7,"unresolved":1} 4 calls 132k  [86 min, 20.3M]
747/2112 CD180049 {"verified":11,"minor":1} 3 calls 56k  [86 min, 20.4M]
748/2112 CD180061 {"minor":1,"verified":11} 3 calls 75k  [88 min, 20.5M]
749/2112 CD180040 {"verified":10} 3 calls 82k  [88 min, 20.5M]
750/2112 CD180038 {"verified":11} 3 calls 72k  [88 min, 20.6M]
751/2112 CD180078 {"minor":1,"verified":12,"wrong":1} 3 calls 55k  [89 min, 20.7M]
752/2112 CD180052 {"verified":8,"minor":1} 3 calls 79k  [89 min, 20.8M]
753/2112 CD180051 {"minor":1,"verified":9,"unresolved":1} 4 calls 124k  [90 min, 20.9M]
754/2112 CD180065 {"verified":9,"wrong":1} 3 calls 68k  [90 min, 20.9M]
755/2112 CD180099 {"verified":11} 3 calls 66k  [90 min, 21.0M]
756/2112 CD180081 {"verified":8,"wrong":1} 4 calls 150k  [90 min, 21.2M]
757/2112 CD180101 {"verified":11,"minor":1} 3 calls 56k  [91 min, 21.2M]
758/2112 CD180067 {"verified":12,"minor":1} 3 calls 56k  [91 min, 21.3M]
759/2112 CD180095 {"verified":9,"minor":1} 3 calls 44k  [91 min, 21.3M]
760/2112 CD180114 {"verified":11} 3 calls 36k  [92 min, 21.4M]
761/2112 CD180115 {"verified":11} 3 calls 36k  [92 min, 21.4M]
762/2112 CD180124 {"verified":7,"wrong":1,"minor":1} 3 calls 43k  [92 min, 21.4M]
763/2112 CD180127 {"verified":8} 2 calls 24k  [93 min, 21.5M]
764/2112 CD180126 {"verified":10} 3 calls 51k  [93 min, 21.5M]
765/2112 CD180116 {"verified":12,"wrong":1} 3 calls 73k  [93 min, 21.6M]
766/2112 CD180132 {"verified":12} 3 calls 55k  [93 min, 21.6M]
767/2112 CD180113 {"verified":11} 3 calls 57k  [94 min, 21.7M]
768/2112 CD180106 {"verified":8,"wrong":1} 3 calls 79k  [94 min, 21.8M]
769/2112 CD180035 {"verified":9,"wrong":1,"unresolved":1} 4 calls 183k  [94 min, 22.0M]
770/2112 CD180140 {"verified":12,"minor":1,"wrong":1} 3 calls 57k  [94 min, 22.0M]
771/2112 CD180139 {"verified":10} 2 calls 27k  [95 min, 22.0M]
772/2112 CD180150 {"verified":10} 2 calls 36k  [95 min, 22.1M]
773/2112 CD180136 {"verified":7} 3 calls 61k  [95 min, 22.1M]
774/2112 CD180146 {"verified":8,"wrong":1,"minor":1} 3 calls 65k  [95 min, 22.2M]
775/2112 CD180153 {"verified":10,"unresolved":1} 4 calls 141k  [95 min, 22.3M]
776/2112 CD180161 {"verified":8,"wrong":1,"minor":1} 3 calls 52k  [96 min, 22.4M]
777/2112 CD180169 {"verified":5,"unresolved":1} 4 calls 41k  [96 min, 22.4M]
778/2112 CD180171 {"verified":8,"wrong":1} 3 calls 69k  [96 min, 22.5M]
779/2112 CD180155 {"verified":15} 3 calls 59k  [97 min, 22.6M]
780/2112 CD180149 {"verified":10} 3 calls 88k  [97 min, 22.6M]
781/2112 CD180179 {"verified":9,"wrong":1} 3 calls 56k  [97 min, 22.7M]
782/2112 CD180182 {"verified":12} 3 calls 37k  [98 min, 22.7M]
783/2112 CD180183 {"verified":11,"wrong":1} 3 calls 38k  [98 min, 22.8M]
784/2112 CD180166 {"verified":10} 3 calls 57k  [98 min, 22.8M]
785/2112 CD180185 {"verified":11,"minor":1} 3 calls 38k  [98 min, 22.9M]
786/2112 CD180181 {"verified":6,"minor":1,"wrong":1} 3 calls 51k  [98 min, 22.9M]
787/2112 CD180176 {"verified":10} 3 calls 84k  [99 min, 23.0M]
788/2112 CD180177 {"verified":7} 2 calls 43k  [99 min, 23.1M]
789/2112 CD180191 {"verified":6,"minor":1,"wrong":1} 4 calls 79k  [99 min, 23.1M]
790/2112 CD180190 {"verified":6,"minor":1,"wrong":1} 3 calls 50k  [100 min, 23.2M]
791/2112 CD180195 {"minor":1,"verified":9,"wrong":1} 3 calls 47k  [100 min, 23.2M]
792/2112 CD180211 {"verified":13} 3 calls 50k  [100 min, 23.3M]
793/2112 CD180206 {"minor":2,"verified":12} 4 calls 70k  [101 min, 23.3M]
794/2112 CD180194 {"verified":12,"minor":1,"wrong":1} 3 calls 71k  [101 min, 23.4M]
795/2112 CD180223 {"verified":11} 3 calls 57k  [101 min, 23.5M]
796/2112 CD180246 {"verified":11} 3 calls 54k  [102 min, 23.5M]
797/2112 CD180196 {"verified":8,"minor":3} 4 calls 74k  [102 min, 23.6M]
798/2112 CD180192 {"verified":11,"wrong":1} 3 calls 67k  [102 min, 23.7M]
799/2112 CD180245 {"verified":12,"minor":2} 3 calls 43k  [103 min, 23.7M]
800/2112 CD180278 {"verified":8,"minor":1,"unsupported":1,"wrong":5} 3 calls 84k  [104 min, 23.8M]
801/2112 CD180281 {"verified":11,"unresolved":1} 4 calls 159k  [104 min, 24.0M]
802/2112 CD180283 ERROR Bad escaped character in JSON at position 493 (line 1 column 494)
803/2112 CD180299 {"verified":9} 3 calls 43k  [104 min, 24.0M]
804/2112 CD180303 {"verified":14,"minor":1} 3 calls 58k  [104 min, 24.1M]
805/2112 CD180279 {"minor":1,"verified":9,"wrong":1} 3 calls 55k  [105 min, 24.1M]
806/2112 CD180238 {"verified":10,"minor":2} 3 calls 92k  [105 min, 24.2M]
807/2112 CD180316 {"verified":11} 3 calls 52k  [105 min, 24.3M]
808/2112 CD180323 {"verified":9,"minor":1} 3 calls 54k  [105 min, 24.3M]
809/2112 CD180333 {"not_from_plan":1} 0 calls 0k  [105 min, 24.3M]
810/2112 CD180306 {"verified":10} 3 calls 51k  [106 min, 24.4M]
811/2112 CD180344 {"verified":9} 3 calls 41k  [106 min, 24.4M]
812/2112 CD180315 {"verified":10,"minor":1} 4 calls 62k  [106 min, 24.5M]
813/2112 CD180350 {"minor":2,"verified":2,"unresolved":1} 3 calls 21k  [106 min, 24.5M]
814/2112 CD180360 {"verified":8,"minor":1,"wrong":1} 3 calls 60k  [107 min, 24.5M]
815/2112 CD180362 {"verified":12,"wrong":1} 3 calls 57k  [107 min, 24.6M]
816/2112 CD180374 {"verified":11} 3 calls 43k  [107 min, 24.6M]
817/2112 CD180377 {"verified":9,"minor":1} 3 calls 47k  [107 min, 24.7M]
818/2112 CD180332 {"verified":15,"minor":3} 3 calls 69k  [107 min, 24.8M]
819/2112 CD180379 {"verified":7,"wrong":1,"minor":1} 3 calls 48k  [108 min, 24.8M]
820/2112 CD180381 {"verified":12,"minor":1} 3 calls 49k  [108 min, 24.9M]
821/2112 CD180187 {"wrong":3,"verified":7,"minor":1} 3 calls 46k  [108 min, 24.9M]
822/2112 CD180393 {"minor":2,"verified":6,"unresolved":1} 4 calls 195k  [109 min, 25.1M]
823/2112 CD180405 {"verified":9,"wrong":1} 3 calls 47k  [109 min, 25.1M]
824/2112 CD180384 {"verified":10} 3 calls 53k  [109 min, 25.2M]
825/2112 CD180389 {"verified":12} 3 calls 58k  [109 min, 25.3M]
826/2112 CD180324 {"verified":11} 3 calls 95k  [109 min, 25.4M]
827/2112 CD180414 {"verified":7,"wrong":2,"minor":2} 3 calls 57k  [110 min, 25.4M]
828/2112 CD180417 {"verified":11} 3 calls 52k  [110 min, 25.5M]
829/2112 CD180427 {"verified":9,"minor":1} 3 calls 59k  [111 min, 25.5M]
830/2112 CD180411 {"verified":9,"minor":2} 3 calls 63k  [111 min, 25.6M]
831/2112 CD180398 {"minor":1,"verified":10,"wrong":1} 3 calls 61k  [111 min, 25.6M]
832/2112 CD180412 {"verified":8,"minor":1} 3 calls 64k  [111 min, 25.7M]
833/2112 CD180419 {"verified":10} 3 calls 52k  [111 min, 25.8M]
834/2112 CD180435 {"verified":6,"minor":2} 3 calls 41k  [111 min, 25.8M]
835/2112 CD180434 {"verified":11,"minor":1} 3 calls 54k  [111 min, 25.9M]
836/2112 CD180454 {"verified":9} 3 calls 34k  [111 min, 25.9M]
837/2112 CD180421 {"verified":7,"wrong":1} 3 calls 52k  [112 min, 25.9M]
838/2112 CD180464 {"verified":10,"minor":1} 3 calls 41k  [112 min, 26.0M]
839/2112 CD180471 {"verified":8} 3 calls 52k  [112 min, 26.0M]
840/2112 CD180428 {"wrong":2,"unresolved":1} 4 calls 19k  [112 min, 26.1M]
841/2112 CD180478 {"verified":11} 3 calls 51k  [113 min, 26.1M]
842/2112 CD180457 {"verified":8,"minor":1,"wrong":1} 3 calls 42k  [113 min, 26.1M]
843/2112 CD180479 {"verified":6,"wrong":6} 3 calls 54k  [113 min, 26.2M]
844/2112 CD180468 {"minor":1,"verified":9} 3 calls 52k  [113 min, 26.3M]
845/2112 CD180483 {"verified":11} 3 calls 46k  [113 min, 26.3M]
846/2112 CD180494 {"verified":5,"minor":1,"wrong":2} 3 calls 56k  [113 min, 26.4M]
847/2112 CD180469 {"verified":8} 4 calls 135k  [114 min, 26.5M]
848/2112 CD190005 {"verified":10} 3 calls 39k  [114 min, 26.5M]
849/2112 CD180481 {"verified":11,"minor":1,"wrong":1} 4 calls 123k  [115 min, 26.7M]
850/2112 CD190007 {"verified":8} 3 calls 45k  [115 min, 26.7M]
851/2112 CD190024 {"verified":6,"minor":1,"wrong":2} 3 calls 38k  [115 min, 26.7M]
852/2112 CD190040 {"verified":9} 3 calls 46k  [116 min, 26.8M]
853/2112 CD190025 {"verified":12} 3 calls 56k  [116 min, 26.8M]
854/2112 CD190013 {"verified":10,"minor":2} 4 calls 83k  [116 min, 26.9M]
855/2112 CD190015 {"verified":11} 4 calls 97k  [116 min, 27.0M]
856/2112 CD190042 {"verified":10} 3 calls 55k  [116 min, 27.1M]
857/2112 CD190067 {"verified":1,"unresolved":2} 4 calls 18k  [117 min, 27.1M]
858/2112 CD190069 {"not_from_plan":2} 0 calls 0k  [117 min, 27.1M]
859/2112 CD190039 {"verified":8,"wrong":1} 4 calls 71k  [117 min, 27.2M]
860/2112 CD190047 {"verified":9,"minor":1} 3 calls 53k  [117 min, 27.2M]
861/2112 CD190055 {"verified":9,"minor":1} 3 calls 72k  [118 min, 27.3M]
862/2112 CD190078 {"verified":12,"minor":1} 3 calls 42k  [118 min, 27.3M]
863/2112 CD190071 {"verified":11} 3 calls 42k  [118 min, 27.4M]
864/2112 CD190043 {"verified":9} 3 calls 45k  [118 min, 27.4M]
865/2112 CD190076 {"verified":11} 3 calls 51k  [119 min, 27.5M]
866/2112 CD190086 {"verified":10,"minor":1} 3 calls 48k  [119 min, 27.5M]
867/2112 CD190089 {"verified":7,"minor":1,"wrong":1} 3 calls 31k  [119 min, 27.5M]
868/2112 CD190092 {"verified":8,"minor":1} 3 calls 40k  [119 min, 27.6M]
869/2112 CD190080 {"verified":12} 3 calls 68k  [120 min, 27.7M]
870/2112 CD190101 {"verified":11,"minor":1} 3 calls 48k  [120 min, 27.7M]
871/2112 CD190052 {"verified":7,"wrong":1} 4 calls 80k  [121 min, 27.8M]
872/2112 CD190095 {"verified":10} 3 calls 38k  [121 min, 27.8M]
873/2112 CD190109 {"verified":10} 3 calls 49k  [121 min, 27.9M]
874/2112 CD190100 {"verified":7} 4 calls 107k  [121 min, 28.0M]
875/2112 CD190104 {"verified":9,"wrong":1,"minor":1} 4 calls 81k  [122 min, 28.1M]
876/2112 CD190110 {"verified":9,"minor":1} 3 calls 37k  [122 min, 28.1M]
877/2112 CD190105 {"verified":8,"minor":1} 3 calls 57k  [122 min, 28.1M]
878/2112 CD190112 {"verified":7,"wrong":1,"minor":1} 3 calls 56k  [122 min, 28.2M]
879/2112 CD190107 {"verified":10} 2 calls 50k  [122 min, 28.3M]
880/2112 CD190131 {"verified":10} 2 calls 43k  [123 min, 28.3M]
881/2112 CD190132 {"verified":9} 3 calls 35k  [123 min, 28.3M]
882/2112 CD190135 {"verified":11} 3 calls 56k  [123 min, 28.4M]
883/2112 CD190143 {"verified":9} 3 calls 38k  [123 min, 28.4M]
884/2112 CD190123 {"verified":8,"wrong":1} 3 calls 34k  [124 min, 28.5M]
885/2112 CD190145 {"verified":9} 3 calls 33k  [124 min, 28.5M]
886/2112 CD190118 {"verified":9,"minor":1} 3 calls 51k  [124 min, 28.5M]
887/2112 CD190084 {"verified":13,"unresolved":1} 4 calls 177k  [124 min, 28.7M]
888/2112 CD190146 {"verified":11} 3 calls 54k  [124 min, 28.8M]
889/2112 CD190153 {"verified":9} 2 calls 27k  [124 min, 28.8M]
890/2112 CD190148 {"verified":13} 3 calls 63k  [124 min, 28.9M]
891/2112 CD190154 {"verified":10} 2 calls 27k  [124 min, 28.9M]
892/2112 CD190124 {"verified":9,"wrong":1} 3 calls 54k  [125 min, 28.9M]
893/2112 CD190165 {"verified":12} 3 calls 53k  [126 min, 29.0M]
894/2112 CD190162 {"verified":7,"wrong":1,"minor":1} 3 calls 70k  [126 min, 29.1M]
895/2112 CD190168 {"verified":14} 3 calls 60k  [127 min, 29.1M]
896/2112 CD190160 {"verified":6,"minor":1} 4 calls 108k  [127 min, 29.2M]
897/2112 CD190155 {"verified":7,"wrong":1,"minor":1} 4 calls 149k  [127 min, 29.4M]
898/2112 CD190172 {"verified":9,"wrong":1} 3 calls 51k  [127 min, 29.4M]
899/2112 CD190180 ERROR Unexpected non-whitespace character after JSON at position 412 (line 3 column 1)
900/2112 CD190179 {"verified":8,"wrong":1} 3 calls 38k  [128 min, 29.5M]
901/2112 CD190181 {"verified":8} 3 calls 34k  [128 min, 29.5M]
902/2112 CD190163 {"verified":12} 3 calls 85k  [128 min, 29.6M]
903/2112 CD190182 {"verified":11,"wrong":1} 3 calls 52k  [128 min, 29.6M]
904/2112 CD190189 {"verified":8,"minor":2} 3 calls 55k  [128 min, 29.7M]
905/2112 CD190150 {"verified":7,"wrong":2} 3 calls 100k  [128 min, 29.8M]
906/2112 CD190183 {"verified":9} 3 calls 35k  [129 min, 29.8M]
907/2112 CD190176 {"verified":8,"minor":1} 4 calls 86k  [129 min, 29.9M]
908/2112 CD190200 {"verified":9} 3 calls 41k  [130 min, 30.0M]
909/2112 CD190193 {"verified":8,"minor":1,"wrong":1} 3 calls 50k  [130 min, 30.0M]
910/2112 CD190195 {"verified":8,"minor":2,"unresolved":1} 4 calls 183k  [130 min, 30.2M]
911/2112 CD190196 {"verified":13} 3 calls 63k  [130 min, 30.3M]
912/2112 CD190203 {"verified":11,"wrong":1,"minor":1} 3 calls 48k  [130 min, 30.3M]
913/2112 CD190199 {"verified":8,"minor":1} 3 calls 43k  [131 min, 30.3M]
914/2112 CD190198 {"verified":9} 4 calls 70k  [131 min, 30.4M]
915/2112 CD190210 {"verified":9} 3 calls 55k  [132 min, 30.5M]
916/2112 CD190219 {"verified":10,"minor":1} 3 calls 50k  [132 min, 30.5M]
917/2112 CD190204 {"verified":11,"wrong":1,"minor":1} 4 calls 151k  [132 min, 30.7M]
918/2112 CD190217 {"verified":7,"minor":2} 3 calls 56k  [133 min, 30.7M]
919/2112 CD190218 {"verified":21,"minor":1} 3 calls 82k  [133 min, 30.8M]
920/2112 CD190212 {"verified":11} 3 calls 58k  [133 min, 30.9M]
921/2112 CD190213 {"minor":1,"verified":9} 3 calls 46k  [134 min, 30.9M]
922/2112 CD190233 {"minor":1,"verified":7,"wrong":1} 3 calls 44k  [134 min, 31.0M]
923/2112 CD190227 ERROR Bad escaped character in JSON at position 813 (line 1 column 814)
924/2112 CD190235 {"wrong":1} 3 calls 10k  [134 min, 31.0M]
925/2112 CD190231 {"verified":12} 3 calls 55k  [134 min, 31.0M]
926/2112 CD190238 {"verified":9,"minor":1} 3 calls 41k  [135 min, 31.1M]
927/2112 CD190223 {"verified":9,"unresolved":1} 4 calls 154k  [135 min, 31.2M]
928/2112 CD190234 {"verified":9} 3 calls 60k  [135 min, 31.3M]
929/2112 CD190247 {"verified":9} 2 calls 26k  [136 min, 31.3M]
930/2112 CD190237 {"verified":9,"minor":1} 3 calls 46k  [136 min, 31.4M]
931/2112 CD190250 {"verified":9,"minor":1} 3 calls 42k  [136 min, 31.4M]
932/2112 CD190239 {"minor":1,"verified":9} 4 calls 132k  [137 min, 31.5M]
933/2112 CD190254 {"verified":10} 3 calls 45k  [137 min, 31.6M]
934/2112 CD190240 {"verified":12} 3 calls 89k  [138 min, 31.7M]
935/2112 CD190252 {"verified":10} 3 calls 61k  [138 min, 31.7M]
936/2112 CD190244 {"verified":10,"minor":2} 3 calls 75k  [138 min, 31.8M]
937/2112 CD190248 {"verified":7,"wrong":1} 3 calls 51k  [139 min, 31.8M]
938/2112 CD190266 {"verified":10} 3 calls 60k  [139 min, 31.9M]
939/2112 CD190257 {"verified":9,"minor":2} 3 calls 55k  [139 min, 32.0M]
940/2112 CD190242 {"verified":8,"wrong":1} 4 calls 105k  [139 min, 32.1M]
941/2112 CD190258 {"verified":11,"wrong":1} 3 calls 60k  [140 min, 32.1M]
942/2112 CD190271 {"verified":10} 3 calls 39k  [140 min, 32.2M]
943/2112 CD190282 {"not_from_plan":3} 0 calls 0k  [140 min, 32.2M]
944/2112 CD190281 {"verified":11} 3 calls 58k  [140 min, 32.2M]
945/2112 CD190287 {"verified":10,"minor":1} 4 calls 62k  [141 min, 32.3M]
946/2112 CD190272 {"verified":8} 3 calls 42k  [141 min, 32.3M]
947/2112 CD190269 {"verified":8} 2 calls 41k  [141 min, 32.4M]
948/2112 CD190275 {"verified":10} 3 calls 42k  [141 min, 32.4M]
949/2112 CD190295 {"verified":10} 4 calls 103k  [142 min, 32.5M]
950/2112 CD190288 {"verified":10,"wrong":1} 4 calls 80k  [143 min, 32.6M]
951/2112 CD190293 {"verified":11} 3 calls 75k  [143 min, 32.7M]
952/2112 CD190290 {"verified":8} 3 calls 46k  [143 min, 32.7M]
953/2112 CD190298 {"verified":8,"wrong":1} 3 calls 54k  [143 min, 32.8M]
954/2112 CD190306 {"verified":12,"wrong":1} 3 calls 46k  [143 min, 32.8M]
955/2112 CD190309 {"verified":9,"wrong":1} 3 calls 44k  [143 min, 32.9M]
956/2112 CD190274 {"verified":8,"minor":1} 3 calls 75k  [144 min, 32.9M]
957/2112 CD190308 {"verified":11,"unresolved":1} 4 calls 145k  [144 min, 33.1M]
958/2112 CD190310 {"verified":19} 3 calls 61k  [144 min, 33.1M]
959/2112 CD190311 {"verified":9} 3 calls 39k  [144 min, 33.2M]
960/2112 CD190312 {"verified":9,"wrong":1} 3 calls 51k  [144 min, 33.2M]
961/2112 CD190315 {"verified":12} 2 calls 31k  [144 min, 33.3M]
962/2112 CD190320 {"verified":12} 2 calls 39k  [145 min, 33.3M]
963/2112 CD190322 {"verified":10} 3 calls 52k  [145 min, 33.4M]
964/2112 CD190318 {"verified":10} 2 calls 37k  [146 min, 33.4M]
965/2112 CD190330 {"verified":11} 3 calls 53k  [146 min, 33.4M]
966/2112 CD190305 {"verified":8,"unresolved":1} 4 calls 119k  [146 min, 33.6M]
967/2112 CD190321 {"verified":11,"wrong":1} 3 calls 78k  [146 min, 33.6M]
968/2112 CD190327 {"verified":9,"wrong":1} 3 calls 43k  [146 min, 33.7M]
969/2112 CD190332 {"verified":9,"wrong":1} 3 calls 42k  [146 min, 33.7M]
970/2112 CD190338 {"verified":8,"wrong":1} 3 calls 41k  [147 min, 33.8M]
971/2112 CD190340 {"verified":14} 2 calls 27k  [147 min, 33.8M]
972/2112 CD190342 {"verified":10} 3 calls 55k  [147 min, 33.9M]
973/2112 CD190333 {"verified":9} 3 calls 37k  [147 min, 33.9M]
974/2112 CD190355 {"verified":8} 3 calls 50k  [148 min, 33.9M]
975/2112 CD190356 {"verified":10} 3 calls 42k  [148 min, 34.0M]
976/2112 CD190314 {"verified":7,"minor":3} 3 calls 81k  [148 min, 34.1M]
977/2112 CD190339 {"verified":9,"wrong":1} 3 calls 68k  [148 min, 34.1M]
978/2112 CD190344 {"verified":9} 2 calls 41k  [148 min, 34.2M]
979/2112 CD190341 {"verified":8} 3 calls 61k  [148 min, 34.2M]
980/2112 CD190358 {"verified":9} 3 calls 41k  [149 min, 34.3M]
981/2112 CD190365 {"verified":9,"minor":1} 3 calls 49k  [149 min, 34.3M]
982/2112 CD190368 {"verified":8,"minor":1} 3 calls 32k  [149 min, 34.4M]
983/2112 CD190370 {"verified":11,"wrong":2} 3 calls 52k  [149 min, 34.4M]
984/2112 CD190357 {"verified":10,"minor":1} 3 calls 44k  [150 min, 34.4M]
985/2112 CD190382 {"verified":12,"wrong":1} 3 calls 52k  [150 min, 34.5M]
986/2112 CD190384 {"verified":10,"wrong":1} 3 calls 51k  [150 min, 34.6M]
987/2112 CD190360 {"verified":16,"minor":1} 3 calls 64k  [150 min, 34.6M]
988/2112 CD190394 {"verified":11} 3 calls 42k  [151 min, 34.7M]
989/2112 CD190389 {"minor":2,"verified":10,"wrong":1} 3 calls 50k  [151 min, 34.7M]
990/2112 CD190402 {"verified":2,"not_from_plan":1} 2 calls 30k  [151 min, 34.7M]
991/2112 CD190399 {"verified":7,"wrong":2} 3 calls 54k  [151 min, 34.8M]
992/2112 CD190404 {"verified":10,"minor":1} 3 calls 54k  [151 min, 34.8M]
993/2112 CD190410 {"not_from_plan":2} 0 calls 0k  [151 min, 34.8M]
994/2112 CD190376 {"minor":1,"verified":6,"wrong":1,"unresolved":1} 4 calls 121k  [151 min, 35.0M]
995/2112 CD190407 {"verified":11,"wrong":1} 3 calls 38k  [152 min, 35.0M]
996/2112 CD190409 {"verified":16} 3 calls 67k  [152 min, 35.1M]
997/2112 CD190413 {"verified":10,"wrong":1} 3 calls 50k  [152 min, 35.1M]
998/2112 CD190412 {"minor":2,"verified":11,"wrong":1} 3 calls 59k  [152 min, 35.2M]
999/2112 CD190414 {"minor":2,"verified":10} 3 calls 52k  [152 min, 35.2M]
1000/2112 CD190416 {"verified":11} 3 calls 47k  [152 min, 35.3M]
1001/2112 CD190374 {"verified":15} 4 calls 94k  [153 min, 35.4M]
1002/2112 CD190419 {"verified":9} 3 calls 38k  [153 min, 35.4M]
1003/2112 CD190397 {"verified":11} 3 calls 75k  [153 min, 35.5M]
1004/2112 CD190420 {"verified":9,"wrong":1} 3 calls 55k  [153 min, 35.5M]
1005/2112 CD190422 {"minor":1,"verified":12} 3 calls 44k  [154 min, 35.6M]
1006/2112 CD190421 {"unresolved":1,"verified":2} 4 calls 108k  [154 min, 35.7M]
1007/2112 CD200002 {"verified":6,"wrong":1,"minor":1} 3 calls 40k  [154 min, 35.7M]
1008/2112 CD190418 {"minor":1,"verified":9} 3 calls 63k  [154 min, 35.8M]
1009/2112 CD200006 {"verified":10} 2 calls 30k  [155 min, 35.8M]
1010/2112 CD190417 {"verified":9,"wrong":1} 3 calls 57k  [155 min, 35.9M]
1011/2112 CD200011 {"verified":8} 3 calls 40k  [155 min, 35.9M]
1012/2112 CD200001 {"verified":11,"wrong":1} 3 calls 49k  [155 min, 36.0M]
1013/2112 CD200013 {"verified":10} 2 calls 27k  [156 min, 36.0M]
1014/2112 CD200012 {"verified":10,"wrong":1} 3 calls 47k  [156 min, 36.0M]
1015/2112 CD200004 {"verified":7,"minor":2,"wrong":1} 4 calls 108k  [156 min, 36.2M]
1016/2112 CD200018 {"verified":8} 3 calls 53k  [156 min, 36.2M]
1017/2112 CD200009 {"minor":1,"verified":6,"wrong":2} 4 calls 57k  [157 min, 36.3M]
1018/2112 CD200026 {"verified":9,"minor":1} 3 calls 38k  [157 min, 36.3M]
1019/2112 CD200027 {"verified":9} 3 calls 21k  [157 min, 36.3M]
1020/2112 CD200008 ERROR Unexpected non-whitespace character after JSON at position 417 (line 3 column 1)
1021/2112 CD200017 {"verified":10,"wrong":1} 3 calls 55k  [157 min, 36.4M]
1022/2112 CD200023 {"verified":9} 2 calls 36k  [158 min, 36.4M]
1023/2112 CD200028 {"verified":12} 3 calls 41k  [158 min, 36.5M]
1024/2112 CD200032 {"verified":8,"wrong":1} 3 calls 69k  [158 min, 36.5M]
1025/2112 CD200034 {"verified":11,"minor":1} 3 calls 51k  [158 min, 36.6M]
1026/2112 CD200037 {"verified":8} 3 calls 35k  [159 min, 36.6M]
1027/2112 CD200036 {"minor":1,"verified":8,"wrong":1} 3 calls 54k  [159 min, 36.7M]
1028/2112 CD200021 {"verified":17} 3 calls 62k  [159 min, 36.7M]
1029/2112 CD200033 {"verified":8} 2 calls 35k  [159 min, 36.8M]
1030/2112 CD200053 {"verified":9} 2 calls 31k  [159 min, 36.8M]
1031/2112 CD200051 {"verified":11,"minor":1} 3 calls 52k  [159 min, 36.8M]
1032/2112 CD200059 {"verified":8} 2 calls 39k  [159 min, 36.9M]
1033/2112 CD200060 {"verified":8} 2 calls 32k  [160 min, 36.9M]
1034/2112 CD200063 {"verified":1,"unresolved":2} 4 calls 17k  [160 min, 36.9M]
1035/2112 CD200066 {"verified":11} 3 calls 49k  [160 min, 37.0M]
1036/2112 CD200029 {"verified":8} 3 calls 64k  [160 min, 37.0M]
1037/2112 CD200071 {"verified":10} 2 calls 30k  [161 min, 37.1M]
1038/2112 CD200057 {"minor":2,"verified":9} 3 calls 53k  [161 min, 37.1M]
1039/2112 CD200067 {"verified":11,"minor":1} 3 calls 55k  [161 min, 37.2M]
1040/2112 CD200062 {"minor":3,"verified":8} 3 calls 50k  [161 min, 37.2M]
1041/2112 CD200077 {"verified":9,"wrong":1} 3 calls 38k  [161 min, 37.3M]
1042/2112 CD200056 {"verified":11} 2 calls 39k  [161 min, 37.3M]
1043/2112 CD200081 {"verified":12,"wrong":1} 3 calls 44k  [161 min, 37.4M]
1044/2112 CD200083 {"verified":9} 4 calls 63k  [162 min, 37.4M]
1045/2112 CD200072 {"verified":8} 3 calls 44k  [162 min, 37.5M]
1046/2112 CD200076 {"verified":11,"minor":1} 3 calls 96k  [162 min, 37.6M]
1047/2112 CD200096 {"verified":8,"minor":1} 3 calls 32k  [163 min, 37.6M]
1048/2112 CD200097 {"verified":9} 3 calls 32k  [163 min, 37.6M]
1049/2112 CD200101 {"verified":12} 3 calls 43k  [163 min, 37.7M]
1050/2112 CD200090 {"verified":8,"minor":2} 3 calls 63k  [163 min, 37.7M]
1051/2112 CD200086 {"verified":9,"wrong":1} 3 calls 36k  [163 min, 37.8M]
1052/2112 CD200104 {"verified":12} 2 calls 29k  [163 min, 37.8M]
1053/2112 CD200084 {"verified":9} 4 calls 66k  [164 min, 37.9M]
1054/2112 CD200107 {"verified":10} 3 calls 43k  [164 min, 37.9M]
1055/2112 CD200113 {"verified":7,"minor":1,"wrong":1} 3 calls 32k  [164 min, 37.9M]
1056/2112 CD200106 {"verified":7,"unresolved":1} 4 calls 98k  [164 min, 38.0M]
1057/2112 CD200117 {"verified":9} 4 calls 50k  [164 min, 38.1M]
1058/2112 CD200119 {"verified":7} 3 calls 43k  [164 min, 38.1M]
1059/2112 CD200127 {"verified":12} 2 calls 36k  [165 min, 38.2M]
1060/2112 CD200126 {"verified":8} 3 calls 45k  [165 min, 38.2M]
1061/2112 CD200128 {"verified":8,"minor":1} 3 calls 32k  [165 min, 38.2M]
1062/2112 CD200112 {"verified":12} 2 calls 60k  [165 min, 38.3M]
1063/2112 CD200132 {"verified":12} 2 calls 30k  [165 min, 38.3M]
1064/2112 CD200139 {"verified":12} 2 calls 30k  [165 min, 38.4M]
1065/2112 CD200136 {"verified":12} 3 calls 44k  [165 min, 38.4M]
1066/2112 CD200120 {"verified":10} 3 calls 52k  [166 min, 38.5M]
1067/2112 CD200140 {"verified":10} 2 calls 30k  [166 min, 38.5M]
1068/2112 CD200135 {"verified":10} 3 calls 46k  [166 min, 38.5M]
1069/2112 CD200137 {"verified":13} 3 calls 54k  [167 min, 38.6M]
1070/2112 CD200141 {"verified":8,"minor":2} 4 calls 116k  [167 min, 38.7M]
1071/2112 CD200124 {"verified":9} 3 calls 68k  [167 min, 38.8M]
1072/2112 CD200147 {"verified":9,"minor":1} 3 calls 39k  [167 min, 38.8M]
1073/2112 CD200149 {"verified":8} 3 calls 38k  [167 min, 38.8M]
1074/2112 CD200151 {"verified":8} 3 calls 48k  [167 min, 38.9M]
1075/2112 CD200142 {"verified":10} 3 calls 69k  [168 min, 39.0M]
1076/2112 CD200146 {"verified":11} 3 calls 76k  [168 min, 39.0M]
1077/2112 CD200148 {"verified":12} 4 calls 122k  [168 min, 39.2M]
1078/2112 CD200158 {"verified":11} 3 calls 50k  [168 min, 39.2M]
1079/2112 CD200160 {"verified":10} 3 calls 60k  [169 min, 39.3M]
1080/2112 CD200157 {"verified":13,"minor":1} 3 calls 47k  [170 min, 39.3M]
1081/2112 CD200165 {"verified":11} 3 calls 67k  [170 min, 39.4M]
1082/2112 CD200166 {"verified":12} 3 calls 57k  [170 min, 39.4M]
1083/2112 CD200153 {"minor":2,"verified":11} 4 calls 81k  [171 min, 39.5M]
1084/2112 CD200156 {"minor":1,"verified":10,"wrong":2} 3 calls 58k  [171 min, 39.6M]
1085/2112 CD200168 {"verified":7,"wrong":2} 3 calls 45k  [171 min, 39.6M]
1086/2112 CD200170 {"verified":9} 3 calls 46k  [171 min, 39.7M]
1087/2112 CD200167 {"verified":10} 2 calls 29k  [171 min, 39.7M]
1088/2112 CD200173 {"verified":7,"wrong":1} 3 calls 54k  [171 min, 39.8M]
1089/2112 CD200154 {"verified":8,"wrong":2} 3 calls 76k  [172 min, 39.8M]
1090/2112 CD200176 {"verified":9} 3 calls 75k  [172 min, 39.9M]
1091/2112 CD200175 {"verified":2,"not_from_plan":2} 2 calls 25k  [172 min, 39.9M]
1092/2112 CD200174 {"minor":2,"verified":10} 3 calls 78k  [173 min, 40.0M]
1093/2112 CD200189 {"verified":9} 2 calls 28k  [173 min, 40.0M]
1094/2112 CD200191 {"verified":10} 3 calls 62k  [173 min, 40.1M]
1095/2112 CD200186 {"verified":10,"wrong":1,"minor":1} 3 calls 46k  [174 min, 40.1M]
1096/2112 CD200185 {"verified":6,"wrong":1,"minor":1} 3 calls 72k  [174 min, 40.2M]
1097/2112 CD200182 {"verified":14} 2 calls 30k  [174 min, 40.2M]
1098/2112 CD200196 {"verified":1,"unresolved":2} 4 calls 16k  [174 min, 40.3M]
1099/2112 CD200179 {"verified":11,"minor":1} 3 calls 121k  [174 min, 40.4M]
1100/2112 CD200200 {"verified":10,"minor":1} 3 calls 43k  [174 min, 40.4M]
1101/2112 CD200202 {"verified":9} 3 calls 48k  [175 min, 40.5M]
1102/2112 CD200207 {"verified":9,"wrong":1,"minor":1} 3 calls 56k  [175 min, 40.5M]
1103/2112 CD200201 {"verified":8,"wrong":2} 3 calls 50k  [175 min, 40.6M]
1104/2112 CD200206 {"verified":7,"wrong":1} 3 calls 45k  [176 min, 40.6M]
1105/2112 CD200216 {"verified":14,"minor":1} 3 calls 55k  [176 min, 40.7M]
1106/2112 CD200224 {"verified":10} 2 calls 38k  [176 min, 40.7M]
1107/2112 CD200212 {"verified":11,"minor":1} 3 calls 56k  [176 min, 40.8M]
1108/2112 CD200193 {"verified":10} 3 calls 175k  [177 min, 41.0M]
1109/2112 CD200205 {"minor":2,"verified":7} 3 calls 44k  [177 min, 41.0M]
1110/2112 CD200218 {"verified":9} 3 calls 59k  [178 min, 41.1M]
1111/2112 CD200214 {"verified":9,"wrong":1} 3 calls 66k  [178 min, 41.1M]
1112/2112 CD200229 {"verified":9} 3 calls 54k  [178 min, 41.2M]
1113/2112 CD200238 {"verified":13} 3 calls 62k  [179 min, 41.2M]
1114/2112 CD200245 {"verified":10} 2 calls 28k  [179 min, 41.3M]
1115/2112 CD200240 {"verified":9} 3 calls 50k  [179 min, 41.3M]
1116/2112 CD200236 {"verified":2,"not_from_plan":1} 2 calls 40k  [179 min, 41.4M]
1117/2112 CD200246 {"verified":7,"minor":1} 3 calls 49k  [179 min, 41.4M]
1118/2112 CD200225 {"verified":11} 3 calls 85k  [179 min, 41.5M]
1119/2112 CD200232 {"verified":9} 3 calls 33k  [180 min, 41.5M]
1120/2112 CD200256 {"verified":9,"wrong":3} 3 calls 44k  [180 min, 41.6M]
1121/2112 CD200257 {"verified":2,"unresolved":1} 3 calls 11k  [180 min, 41.6M]
1122/2112 CD200247 {"verified":7,"minor":1} 3 calls 50k  [180 min, 41.6M]
1123/2112 CD200261 {"verified":10} 2 calls 38k  [181 min, 41.7M]
1124/2112 CD200250 {"verified":11} 3 calls 71k  [181 min, 41.7M]
1125/2112 CD200262 {"verified":10,"minor":1} 3 calls 56k  [181 min, 41.8M]
1126/2112 CD200264 {"verified":12} 3 calls 63k  [181 min, 41.9M]
1127/2112 CD200266 {"verified":7,"minor":2} 3 calls 54k  [182 min, 41.9M]
1128/2112 CD200259 {"verified":9,"minor":1} 3 calls 42k  [182 min, 42.0M]
1129/2112 CD200260 {"verified":10,"wrong":1} 3 calls 41k  [182 min, 42.0M]
1130/2112 CD200267 {"verified":8,"minor":1} 3 calls 54k  [182 min, 42.0M]
1131/2112 CD200252 {"verified":5,"wrong":3} 3 calls 62k  [182 min, 42.1M]
1132/2112 CD200268 {"verified":8,"minor":1} 3 calls 56k  [183 min, 42.2M]
1133/2112 CD200269 {"verified":8,"wrong":1} 3 calls 53k  [183 min, 42.2M]
1134/2112 CD200254 {"verified":15,"minor":2} 3 calls 78k  [183 min, 42.3M]
1135/2112 CD200280 {"verified":9} 2 calls 40k  [183 min, 42.3M]
1136/2112 CD200292 {"not_from_plan":1} 0 calls 0k  [183 min, 42.3M]
1137/2112 CD200295 {"verified":9} 3 calls 38k  [184 min, 42.4M]
1138/2112 CD200279 {"verified":6,"unresolved":1,"minor":1,"wrong":1} 4 calls 185k  [184 min, 42.6M]
1139/2112 CD200275 {"verified":6,"minor":1,"wrong":1} 3 calls 49k  [184 min, 42.6M]
1140/2112 CD200297 {"verified":9} 3 calls 51k  [184 min, 42.7M]
1141/2112 CD200288 {"verified":9} 2 calls 55k  [184 min, 42.7M]
1142/2112 CD200300 {"verified":10} 3 calls 40k  [185 min, 42.8M]
1143/2112 CD200301 {"verified":13} 2 calls 44k  [185 min, 42.8M]
1144/2112 CD200274 {"verified":13} 3 calls 50k  [185 min, 42.8M]
1145/2112 CD200302 {"verified":10,"wrong":1} 3 calls 51k  [185 min, 42.9M]
1146/2112 CD200287 {"verified":10,"minor":1} 3 calls 103k  [186 min, 43.0M]
1147/2112 CD200298 {"minor":1,"verified":9} 3 calls 57k  [186 min, 43.1M]
1148/2112 CD200313 {"verified":8,"wrong":1} 3 calls 43k  [186 min, 43.1M]
1149/2112 CD200306 {"minor":2,"verified":8,"unresolved":1} 4 calls 204k  [186 min, 43.3M]
1150/2112 CD200317 {"verified":4} 3 calls 17k  [186 min, 43.3M]
1151/2112 CD200304 {"verified":8,"minor":2} 3 calls 58k  [187 min, 43.4M]
1152/2112 CD200319 {"verified":10} 3 calls 61k  [187 min, 43.4M]
1153/2112 CD200299 {"verified":8} 3 calls 68k  [187 min, 43.5M]
1154/2112 CD200321 {"minor":2,"verified":8,"wrong":1} 3 calls 53k  [187 min, 43.6M]
1155/2112 CD200314 {"verified":8} 3 calls 42k  [187 min, 43.6M]
1156/2112 CD200322 {"verified":8,"wrong":1} 3 calls 40k  [187 min, 43.6M]
1157/2112 CD200328 {"verified":8,"minor":1} 3 calls 37k  [187 min, 43.7M]
1158/2112 CD200323 {"verified":12} 3 calls 50k  [187 min, 43.7M]
1159/2112 CD200315 {"verified":10,"wrong":1} 3 calls 58k  [188 min, 43.8M]
1160/2112 CD210002 {"verified":7,"wrong":1} 3 calls 39k  [188 min, 43.8M]
1161/2112 CD210003 {"verified":11,"minor":1} 3 calls 37k  [188 min, 43.9M]
1162/2112 CD210006 {"verified":1,"wrong":1,"unresolved":1} 4 calls 16k  [188 min, 43.9M]
1163/2112 CD210014 {"verified":9} 2 calls 32k  [188 min, 43.9M]
1164/2112 CD210009 {"minor":1,"verified":8,"wrong":2} 3 calls 40k  [188 min, 44.0M]
1165/2112 CD210010 {"verified":8} 3 calls 43k  [189 min, 44.0M]
1166/2112 CD210021 {"verified":7,"wrong":1} 3 calls 50k  [189 min, 44.0M]
1167/2112 CD210022 {"verified":11} 3 calls 47k  [189 min, 44.1M]
1168/2112 CD210007 {"verified":8,"wrong":1} 3 calls 70k  [189 min, 44.2M]
1169/2112 CD210026 {"verified":8} 2 calls 36k  [190 min, 44.2M]
1170/2112 CD210027 {"verified":8} 3 calls 54k  [190 min, 44.3M]
1171/2112 CD210017 {"verified":7,"wrong":1,"minor":1} 3 calls 54k  [190 min, 44.3M]
1172/2112 CD210024 {"verified":9,"wrong":1} 3 calls 45k  [190 min, 44.4M]
1173/2112 CD210016 {"verified":10,"wrong":1} 3 calls 68k  [190 min, 44.4M]
1174/2112 CD210029 {"verified":10} 2 calls 36k  [190 min, 44.5M]
1175/2112 CD210030 {"verified":8} 2 calls 25k  [190 min, 44.5M]
1176/2112 CD210033 {"minor":1,"verified":9} 3 calls 49k  [191 min, 44.5M]
1177/2112 CD210018 {"verified":10,"minor":2} 4 calls 139k  [191 min, 44.7M]
1178/2112 CD210028 {"verified":7,"wrong":1} 3 calls 52k  [191 min, 44.7M]
1179/2112 CD210040 {"verified":13} 2 calls 27k  [191 min, 44.7M]
1180/2112 CD210031 {"verified":12,"wrong":1} 3 calls 42k  [192 min, 44.8M]
1181/2112 CD210037 {"verified":10,"minor":1} 4 calls 64k  [192 min, 44.9M]
1182/2112 CD210035 {"verified":10} 3 calls 44k  [192 min, 44.9M]
1183/2112 CD210044 {"verified":6,"wrong":1} 3 calls 44k  [192 min, 44.9M]
1184/2112 CD210046 {"verified":8} 3 calls 47k  [192 min, 45.0M]
1185/2112 CD210048 {"verified":7,"minor":1,"wrong":1} 3 calls 25k  [192 min, 45.0M]
1186/2112 CD210039 {"verified":8} 3 calls 54k  [193 min, 45.1M]
1187/2112 CD210036 {"verified":13} 3 calls 46k  [193 min, 45.1M]
1188/2112 CD210056 {"verified":11} 3 calls 49k  [193 min, 45.2M]
1189/2112 CD210057 {"verified":9} 3 calls 49k  [193 min, 45.2M]
1190/2112 CD210058 {"verified":9} 2 calls 33k  [194 min, 45.2M]
1191/2112 CD210060 {"verified":7,"wrong":1} 3 calls 53k  [194 min, 45.3M]
1192/2112 CD210061 {"verified":10} 3 calls 66k  [194 min, 45.4M]
1193/2112 CD210064 {"verified":13} 2 calls 24k  [194 min, 45.4M]
1194/2112 CD210055 {"verified":11,"minor":2} 3 calls 80k  [194 min, 45.5M]
1195/2112 CD210051 {"verified":6,"wrong":1,"unresolved":1} 4 calls 153k  [194 min, 45.6M]
1196/2112 CD210050 {"verified":8,"wrong":1} 3 calls 62k  [195 min, 45.7M]
1197/2112 CD210077 {"verified":10} 3 calls 48k  [195 min, 45.7M]
1198/2112 CD210062 {"verified":10} 3 calls 49k  [195 min, 45.8M]
1199/2112 CD210066 {"verified":8,"minor":1} 3 calls 53k  [196 min, 45.8M]
1200/2112 CD210070 {"verified":10} 3 calls 40k  [196 min, 45.9M]
1201/2112 CD210079 {"verified":6,"unresolved":1} 4 calls 55k  [197 min, 45.9M]
1202/2112 CD210071 {"verified":14} 3 calls 140k  [197 min, 46.1M]
1203/2112 CD210085 {"verified":8,"wrong":1} 3 calls 67k  [198 min, 46.1M]
1204/2112 CD210087 {"verified":10} 3 calls 57k  [198 min, 46.2M]
1205/2112 CD210086 {"minor":1,"verified":15,"wrong":1} 3 calls 62k  [198 min, 46.3M]
1206/2112 CD210072 {"minor":1,"verified":12} 4 calls 219k  [198 min, 46.5M]
1207/2112 CD210092 {"minor":1,"verified":10} 3 calls 38k  [198 min, 46.5M]
1208/2112 CD210093 {"verified":11} 2 calls 40k  [198 min, 46.6M]
1209/2112 CD210080 {"verified":11,"unresolved":1} 4 calls 140k  [199 min, 46.7M]
1210/2112 CD210096 {"verified":9} 3 calls 37k  [199 min, 46.7M]
1211/2112 CD210089 {"verified":9} 2 calls 31k  [199 min, 46.8M]
1212/2112 CD210097 {"verified":9} 3 calls 67k  [199 min, 46.8M]
1213/2112 CD210101 {"verified":9} 3 calls 48k  [199 min, 46.9M]
1214/2112 CD210105 {"verified":8} 2 calls 31k  [199 min, 46.9M]
1215/2112 CD210102 {"verified":7,"minor":1} 3 calls 44k  [200 min, 46.9M]
1216/2112 CD210103 {"verified":11} 3 calls 54k  [200 min, 47.0M]
1217/2112 CD210108 {"verified":10} 2 calls 35k  [200 min, 47.0M]
1218/2112 CD210106 {"verified":11} 3 calls 79k  [200 min, 47.1M]
1219/2112 CD210099 {"verified":11} 3 calls 43k  [200 min, 47.2M]
1220/2112 CD210113 {"minor":1,"verified":11} 3 calls 46k  [200 min, 47.2M]
1221/2112 CD210115 {"verified":11} 3 calls 41k  [200 min, 47.2M]
1222/2112 CD210116 {"verified":8} 3 calls 52k  [200 min, 47.3M]
1223/2112 CD210114 {"verified":8,"minor":1,"wrong":1} 3 calls 56k  [200 min, 47.4M]
1224/2112 CD210117 {"verified":8,"wrong":1} 3 calls 39k  [201 min, 47.4M]
1225/2112 CD210122 {"verified":8} 2 calls 28k  [201 min, 47.4M]
1226/2112 CD210121 {"verified":11} 2 calls 34k  [201 min, 47.5M]
1227/2112 CD210123 {"verified":8,"wrong":1} 3 calls 59k  [201 min, 47.5M]
1228/2112 CD210120 {"verified":10} 2 calls 26k  [202 min, 47.5M]
1229/2112 CD210130 {"verified":10} 3 calls 39k  [202 min, 47.6M]
1230/2112 CD210119 {"verified":9,"minor":1} 3 calls 75k  [202 min, 47.7M]
1231/2112 CD210132 {"verified":13} 2 calls 32k  [202 min, 47.7M]
1232/2112 CD210124 {"verified":11,"wrong":1} 3 calls 41k  [202 min, 47.7M]
1233/2112 CD210126 {"verified":11} 3 calls 41k  [203 min, 47.8M]
1234/2112 CD210141 {"verified":9,"wrong":1} 3 calls 39k  [203 min, 47.8M]
1235/2112 CD210144 {"verified":8} 2 calls 38k  [203 min, 47.8M]
1236/2112 CD210127 {"verified":6,"wrong":1,"unresolved":1} 4 calls 129k  [203 min, 48.0M]
1237/2112 CD210133 {"verified":9} 3 calls 48k  [204 min, 48.0M]
1238/2112 CD210147 {"verified":12,"minor":1} 3 calls 54k  [204 min, 48.1M]
1239/2112 CD210140 {"verified":10} 3 calls 34k  [204 min, 48.1M]
1240/2112 CD210150 {"verified":9} 3 calls 33k  [204 min, 48.1M]
1241/2112 CD210149 {"verified":8} 4 calls 96k  [204 min, 48.2M]
1242/2112 CD210151 {"verified":7} 3 calls 43k  [205 min, 48.3M]
1243/2112 CD210155 {"verified":9} 2 calls 34k  [205 min, 48.3M]
1244/2112 CD210157 {"minor":1,"verified":10} 3 calls 30k  [205 min, 48.3M]
1245/2112 CD210154 {"verified":5,"unresolved":1} 4 calls 42k  [205 min, 48.4M]
1246/2112 CD210145 {"minor":3,"verified":9} 3 calls 77k  [205 min, 48.5M]
1247/2112 CD210139 {"minor":1,"verified":10} 3 calls 81k  [205 min, 48.5M]
1248/2112 CD210161 {"verified":10} 3 calls 59k  [206 min, 48.6M]
1249/2112 CD210175 {"verified":8,"wrong":1} 3 calls 45k  [206 min, 48.7M]
1250/2112 CD210159 {"verified":7,"minor":1} 3 calls 32k  [206 min, 48.7M]
1251/2112 CD210182 {"verified":11} 3 calls 55k  [206 min, 48.7M]
1252/2112 CD210180 {"verified":10} 3 calls 37k  [207 min, 48.8M]
1253/2112 CD210168 {"verified":10} 3 calls 46k  [207 min, 48.8M]
1254/2112 CD210158 {"verified":11} 3 calls 67k  [207 min, 48.9M]
1255/2112 CD210186 {"verified":9} 2 calls 36k  [207 min, 48.9M]
1256/2112 CD210188 {"verified":11} 2 calls 33k  [207 min, 49.0M]
1257/2112 CD210177 {"verified":9} 3 calls 44k  [207 min, 49.0M]
1258/2112 CD210197 {"verified":8,"wrong":1} 3 calls 53k  [207 min, 49.1M]
1259/2112 CD210198 {"verified":11,"minor":1} 3 calls 130k  [208 min, 49.2M]
1260/2112 CD210199 {"verified":10} 3 calls 57k  [208 min, 49.2M]
1261/2112 CD210196 {"verified":13} 4 calls 106k  [208 min, 49.3M]
1262/2112 CD210203 {"verified":10,"minor":1} 3 calls 51k  [208 min, 49.4M]
1263/2112 CD210202 {"verified":7} 3 calls 41k  [208 min, 49.4M]
1264/2112 CD210209 {"verified":8,"wrong":1} 3 calls 57k  [208 min, 49.5M]
1265/2112 CD210210 {"verified":10} 2 calls 39k  [208 min, 49.5M]
1266/2112 CD210215 {"minor":1,"verified":9} 3 calls 38k  [209 min, 49.6M]
1267/2112 CD210219 {"verified":8,"wrong":1,"minor":1} 3 calls 55k  [209 min, 49.6M]
1268/2112 CD210224 {"verified":7,"minor":2} 3 calls 49k  [209 min, 49.7M]
1269/2112 CD210227 {"verified":8} 3 calls 48k  [209 min, 49.7M]
1270/2112 CD210193 {"verified":10,"wrong":1} 3 calls 41k  [210 min, 49.8M]
1271/2112 CD210223 {"verified":8} 3 calls 57k  [210 min, 49.8M]
1272/2112 CD210221 {"verified":10} 3 calls 81k  [210 min, 49.9M]
1273/2112 CD210233 {"minor":1,"verified":9} 3 calls 40k  [210 min, 49.9M]
1274/2112 CD210205 {"minor":1,"verified":8,"wrong":1} 3 calls 69k  [211 min, 50.0M]
1275/2112 CD210228 {"verified":9} 3 calls 49k  [211 min, 50.1M]
1276/2112 CD210239 {"verified":9} 3 calls 44k  [211 min, 50.1M]
1277/2112 CD210240 {"verified":9} 3 calls 57k  [211 min, 50.2M]
1278/2112 CD210229 {"verified":12} 3 calls 40k  [211 min, 50.2M]
1279/2112 CD210243 {"verified":12} 3 calls 45k  [211 min, 50.2M]
1280/2112 CD210242 {"verified":8,"minor":1} 3 calls 55k  [212 min, 50.3M]
1281/2112 CD210236 {"minor":1,"verified":8} 3 calls 36k  [212 min, 50.3M]
1282/2112 CD210251 {"verified":8,"wrong":1} 3 calls 57k  [212 min, 50.4M]
1283/2112 CD210256 {"verified":8} 3 calls 38k  [212 min, 50.4M]
1284/2112 CD210246 {"verified":10} 2 calls 35k  [213 min, 50.5M]
1285/2112 CD210241 {"verified":9,"minor":1} 3 calls 52k  [213 min, 50.5M]
1286/2112 CD210257 {"verified":8,"wrong":1,"minor":1} 3 calls 52k  [213 min, 50.6M]
1287/2112 CD210263 {"verified":9} 3 calls 48k  [213 min, 50.6M]
1288/2112 CD210266 {"verified":12} 3 calls 56k  [213 min, 50.7M]
1289/2112 CD210264 {"verified":8,"minor":1} 3 calls 54k  [214 min, 50.7M]
1290/2112 CD210247 {"verified":7,"unresolved":1,"wrong":1} 4 calls 123k  [214 min, 50.8M]
1291/2112 CD210267 {"verified":9} 2 calls 39k  [214 min, 50.9M]
1292/2112 CD210270 {"verified":10} 3 calls 58k  [214 min, 50.9M]
1293/2112 CD210258 {"verified":8,"wrong":1} 3 calls 46k  [214 min, 51.0M]
1294/2112 CD210271 {"verified":11} 3 calls 57k  [214 min, 51.1M]
1295/2112 CD210269 {"verified":8,"minor":1,"unresolved":1} 4 calls 137k  [215 min, 51.2M]
1296/2112 CD210273 {"verified":6,"wrong":2} 3 calls 44k  [215 min, 51.2M]
1297/2112 CD210275 {"verified":1,"unresolved":2} 4 calls 18k  [215 min, 51.2M]
1298/2112 CD210272 {"verified":6} 3 calls 44k  [216 min, 51.3M]
1299/2112 CD210282 {"verified":13} 3 calls 56k  [216 min, 51.3M]
1300/2112 CD210284 {"unresolved":3} 4 calls 25k  [216 min, 51.4M]
1301/2112 CD210278 {"minor":1,"verified":10} 4 calls 213k  [216 min, 51.6M]
1302/2112 CD210285 {"verified":10} 2 calls 31k  [216 min, 51.6M]
1303/2112 CD210252 {"verified":9} 4 calls 167k  [216 min, 51.8M]
1304/2112 CD210290 {"verified":8,"minor":1} 3 calls 36k  [217 min, 51.8M]
1305/2112 CD210294 {"verified":12,"minor":1} 3 calls 50k  [217 min, 51.9M]
1306/2112 CD210286 {"verified":6,"wrong":1,"minor":1,"unresolved":1} 4 calls 107k  [217 min, 52.0M]
1307/2112 CD210292 {"verified":9} 2 calls 82k  [218 min, 52.1M]
1308/2112 CD210281 {"verified":11} 3 calls 72k  [218 min, 52.1M]
1309/2112 CD210296 {"minor":1,"verified":7,"wrong":1} 3 calls 32k  [218 min, 52.2M]
1310/2112 CD210293 {"minor":2,"verified":7,"wrong":1} 3 calls 57k  [218 min, 52.2M]
1311/2112 CD210297 {"verified":10} 3 calls 45k  [219 min, 52.3M]
1312/2112 CD210299 {"verified":7,"minor":1} 3 calls 39k  [219 min, 52.3M]
1313/2112 CD210302 {"verified":9} 2 calls 25k  [219 min, 52.3M]
1314/2112 CD210295 {"verified":10} 2 calls 45k  [219 min, 52.4M]
1315/2112 CD210291 {"verified":10} 3 calls 34k  [219 min, 52.4M]
1316/2112 CD210304 {"verified":10,"wrong":1} 3 calls 53k  [219 min, 52.5M]
1317/2112 CD210305 {"verified":6,"wrong":1} 3 calls 32k  [219 min, 52.5M]
1318/2112 CD210309 {"verified":13} 3 calls 50k  [220 min, 52.5M]
1319/2112 CD210300 {"verified":9,"minor":1} 3 calls 42k  [220 min, 52.6M]
1320/2112 CD210311 {"verified":10,"minor":1} 3 calls 57k  [220 min, 52.6M]
1321/2112 CD210312 {"verified":9,"minor":1} 3 calls 48k  [220 min, 52.7M]
1322/2112 CD210314 {"verified":7,"wrong":1} 3 calls 38k  [221 min, 52.7M]
1323/2112 CD210310 {"verified":7,"wrong":2} 3 calls 71k  [221 min, 52.8M]
1324/2112 CD210318 {"verified":8,"wrong":1} 3 calls 36k  [222 min, 52.8M]
1325/2112 CD210317 {"verified":7,"minor":1,"wrong":1} 4 calls 141k  [222 min, 53.0M]
1326/2112 CD210315 {"verified":9} 3 calls 44k  [222 min, 53.0M]
1327/2112 CD210316 {"verified":10} 3 calls 38k  [222 min, 53.1M]
1328/2112 CD210313 {"verified":7,"wrong":2} 3 calls 70k  [222 min, 53.1M]
1329/2112 CD210327 {"verified":8} 3 calls 43k  [222 min, 53.2M]
1330/2112 CD210333 {"verified":10} 2 calls 19k  [223 min, 53.2M]
1331/2112 CD210329 {"verified":15,"minor":1} 4 calls 55k  [223 min, 53.2M]
1332/2112 CD210307 {"verified":8,"wrong":1} 3 calls 88k  [223 min, 53.3M]
1333/2112 CD210325 {"verified":11} 2 calls 41k  [223 min, 53.4M]
1334/2112 CD210339 {"verified":8} 3 calls 44k  [223 min, 53.4M]
1335/2112 CD210338 {"verified":8} 3 calls 46k  [224 min, 53.5M]
1336/2112 CD210340 {"verified":8} 3 calls 66k  [224 min, 53.5M]
1337/2112 CD210341 {"verified":8} 3 calls 50k  [224 min, 53.6M]
1338/2112 CD210342 {"verified":8} 3 calls 49k  [224 min, 53.6M]
1339/2112 CD210335 {"verified":13} 2 calls 47k  [224 min, 53.7M]
1340/2112 CD210344 {"verified":7,"wrong":1,"minor":1} 3 calls 50k  [224 min, 53.7M]
1341/2112 CD210346 {"verified":9} 3 calls 43k  [225 min, 53.8M]
1342/2112 CD210323 {"minor":1,"verified":7} 3 calls 61k  [225 min, 53.8M]
1343/2112 CD210353 {"verified":9,"wrong":1} 3 calls 45k  [225 min, 53.9M]
1344/2112 CD220006 {"verified":11} 3 calls 63k  [226 min, 53.9M]
1345/2112 CD210347 {"verified":11} 3 calls 52k  [226 min, 54.0M]
1346/2112 CD210352 {"verified":9,"minor":1,"wrong":1} 3 calls 45k  [226 min, 54.0M]
1347/2112 CD220008 {"verified":11} 3 calls 48k  [226 min, 54.1M]
1348/2112 CD220001 {"verified":9,"wrong":1} 3 calls 45k  [226 min, 54.1M]
1349/2112 CD210350 {"verified":10,"minor":2} 3 calls 48k  [226 min, 54.2M]
1350/2112 CD220012 {"verified":9} 2 calls 35k  [226 min, 54.2M]
1351/2112 CD220005 {"verified":14} 3 calls 39k  [227 min, 54.3M]
1352/2112 CD220014 {"verified":9,"wrong":1} 3 calls 48k  [227 min, 54.3M]
1353/2112 CD220017 {"verified":9} 3 calls 45k  [227 min, 54.3M]
1354/2112 CD220018 {"verified":8} 3 calls 46k  [227 min, 54.4M]
1355/2112 CD220026 {"verified":10} 3 calls 51k  [227 min, 54.4M]
1356/2112 CD220025 {"verified":10} 3 calls 38k  [227 min, 54.5M]
1357/2112 CD220030 {"verified":8,"minor":1} 3 calls 58k  [228 min, 54.5M]
1358/2112 CD220034 {"verified":8,"wrong":1} 3 calls 59k  [228 min, 54.6M]
1359/2112 CD220041 {"not_from_plan":2} 0 calls 0k  [228 min, 54.6M]
1360/2112 CD220028 {"verified":9} 3 calls 44k  [229 min, 54.6M]
1361/2112 CD220038 {"verified":10,"minor":1} 3 calls 43k  [229 min, 54.7M]
1362/2112 CD220040 {"verified":9} 2 calls 32k  [229 min, 54.7M]
1363/2112 CD220045 {"verified":8} 2 calls 31k  [229 min, 54.7M]
1364/2112 CD220046 {"verified":9} 3 calls 46k  [230 min, 54.8M]
1365/2112 CD220042 {"verified":11} 3 calls 31k  [230 min, 54.8M]
1366/2112 CD220047 {"verified":8,"minor":1} 3 calls 42k  [230 min, 54.9M]
1367/2112 CD220051 {"verified":12} 2 calls 41k  [230 min, 54.9M]
1368/2112 CD220055 {"verified":11} 3 calls 61k  [231 min, 55.0M]
1369/2112 CD220033 {"verified":8} 3 calls 68k  [231 min, 55.0M]
1370/2112 CD220031 {"verified":7,"wrong":1} 3 calls 60k  [231 min, 55.1M]
1371/2112 CD220048 {"verified":10} 3 calls 56k  [231 min, 55.2M]
1372/2112 CD220044 {"verified":10} 3 calls 68k  [232 min, 55.2M]
1373/2112 CD220056 {"verified":10} 3 calls 51k  [232 min, 55.3M]
1374/2112 CD220064 {"verified":10,"wrong":3} 3 calls 56k  [233 min, 55.3M]
1375/2112 CD220062 {"verified":8,"minor":1} 4 calls 125k  [233 min, 55.5M]
1376/2112 CD220066 {"verified":8} 3 calls 39k  [234 min, 55.5M]
1377/2112 CD220061 {"minor":2,"verified":8} 4 calls 101k  [234 min, 55.6M]
1378/2112 CD220059 {"verified":9,"minor":1} 4 calls 158k  [234 min, 55.7M]
1379/2112 CD220069 {"verified":11,"wrong":1} 3 calls 52k  [234 min, 55.8M]
1380/2112 CD220074 {"verified":8,"minor":1} 3 calls 61k  [234 min, 55.9M]
1381/2112 CD220065 {"verified":9} 3 calls 46k  [234 min, 55.9M]
1382/2112 CD220063 {"verified":9,"unresolved":1} 4 calls 185k  [234 min, 56.1M]
1383/2112 CD220070 {"verified":10,"minor":2} 3 calls 57k  [234 min, 56.1M]
1384/2112 CD220075 {"minor":1,"verified":11} 3 calls 43k  [235 min, 56.2M]
1385/2112 CD220077 {"verified":8,"minor":1} 3 calls 51k  [235 min, 56.2M]
1386/2112 CD220057 {"verified":10} 3 calls 107k  [235 min, 56.4M]
1387/2112 CD220083 {"verified":7,"wrong":1,"unresolved":1} 4 calls 191k  [236 min, 56.5M]
1388/2112 CD220084 {"verified":11} 3 calls 38k  [236 min, 56.6M]
1389/2112 CD220076 {"verified":12} 3 calls 42k  [236 min, 56.6M]
1390/2112 CD220081 {"verified":8,"wrong":1} 3 calls 41k  [236 min, 56.7M]
1391/2112 CD220092 {"verified":11,"wrong":1} 3 calls 48k  [237 min, 56.7M]
1392/2112 CD220087 {"verified":11,"wrong":1} 4 calls 170k  [237 min, 56.9M]
1393/2112 CD220095 {"verified":7} 3 calls 45k  [237 min, 56.9M]
1394/2112 CD220098 {"verified":7,"wrong":2} 3 calls 56k  [237 min, 57.0M]
1395/2112 CD220089 {"verified":9} 3 calls 67k  [237 min, 57.0M]
1396/2112 CD220101 {"verified":9} 3 calls 52k  [238 min, 57.1M]
1397/2112 CD220088 {"verified":9} 3 calls 86k  [238 min, 57.2M]
1398/2112 CD220113 {"verified":10,"wrong":1} 3 calls 57k  [239 min, 57.2M]
1399/2112 CD220112 {"verified":12} 3 calls 76k  [239 min, 57.3M]
1400/2112 CD220108 {"minor":3,"verified":8} 3 calls 68k  [240 min, 57.4M]
1401/2112 CD220086 {"verified":11,"unresolved":1} 4 calls 145k  [240 min, 57.5M]
1402/2112 CD220117 {"verified":9,"wrong":1,"minor":1} 3 calls 62k  [240 min, 57.6M]
1403/2112 CD220114 {"verified":10,"minor":1} 3 calls 42k  [241 min, 57.6M]
1404/2112 CD220116 {"verified":10} 2 calls 28k  [241 min, 57.7M]
1405/2112 CD220121 {"verified":9} 3 calls 50k  [241 min, 57.7M]
1406/2112 CD220103 {"verified":9,"minor":2} 4 calls 86k  [241 min, 57.8M]
1407/2112 CD220123 {"verified":9} 3 calls 45k  [242 min, 57.8M]
1408/2112 CD220127 {"verified":7,"minor":3} 3 calls 44k  [242 min, 57.9M]
1409/2112 CD220128 {"verified":11} 2 calls 27k  [242 min, 57.9M]
1410/2112 CD220122 {"verified":8,"wrong":1} 3 calls 49k  [242 min, 58.0M]
1411/2112 CD220132 {"verified":6,"minor":1} 3 calls 48k  [242 min, 58.0M]
1412/2112 CD220131 {"minor":3,"verified":9} 3 calls 51k  [242 min, 58.1M]
1413/2112 CD220140 {"verified":8} 2 calls 35k  [243 min, 58.1M]
1414/2112 CD220139 {"verified":12} 3 calls 49k  [243 min, 58.2M]
1415/2112 CD220120 {"verified":10} 3 calls 100k  [243 min, 58.3M]
1416/2112 CD220146 {"verified":3,"minor":1} 3 calls 14k  [244 min, 58.3M]
1417/2112 CD220136 {"verified":9} 3 calls 73k  [244 min, 58.3M]
1418/2112 CD220096 {"minor":1,"verified":8,"wrong":1,"unresolved":1} 4 calls 186k  [244 min, 58.5M]
1419/2112 CD220134 {"verified":10,"minor":2} 3 calls 61k  [245 min, 58.6M]
1420/2112 CD220153 {"verified":9} 3 calls 53k  [245 min, 58.6M]
1421/2112 CD220144 {"verified":9,"wrong":2} 3 calls 83k  [245 min, 58.7M]
1422/2112 CD220142 {"verified":7,"minor":1,"unresolved":1} 4 calls 99k  [245 min, 58.8M]
1423/2112 CD220154 {"verified":12} 3 calls 61k  [245 min, 58.9M]
1424/2112 CD220156 {"verified":11} 3 calls 63k  [245 min, 58.9M]
1425/2112 CD220149 {"verified":10} 3 calls 58k  [245 min, 59.0M]
1426/2112 CD220165 {"verified":10,"minor":1} 3 calls 45k  [245 min, 59.0M]
1427/2112 CD220160 {"verified":8} 4 calls 44k  [246 min, 59.1M]
1428/2112 CD220166 {"verified":9} 3 calls 60k  [246 min, 59.2M]
1429/2112 CD220168 {"verified":9,"wrong":1} 3 calls 43k  [246 min, 59.2M]
1430/2112 CD220169 {"verified":10} 3 calls 51k  [246 min, 59.2M]
1431/2112 CD220172 {"verified":9} 3 calls 40k  [246 min, 59.3M]
1432/2112 CD220157 {"verified":11} 3 calls 49k  [246 min, 59.3M]
1433/2112 CD220181 {"verified":9} 3 calls 43k  [247 min, 59.4M]
1434/2112 CD220167 {"verified":8} 3 calls 45k  [247 min, 59.4M]
1435/2112 CD220182 {"verified":3,"minor":1,"unresolved":1} 4 calls 39k  [247 min, 59.5M]
1436/2112 CD220184 {"minor":1,"verified":9} 3 calls 54k  [247 min, 59.5M]
1437/2112 CD220177 {"verified":7} 4 calls 135k  [248 min, 59.6M]
1438/2112 CD220186 {"verified":11} 3 calls 51k  [248 min, 59.7M]
1439/2112 CD220173 {"verified":9} 3 calls 43k  [248 min, 59.7M]
1440/2112 CD220161 {"minor":1,"verified":8} 3 calls 63k  [248 min, 59.8M]
1441/2112 CD220191 {"verified":7,"wrong":1} 3 calls 45k  [248 min, 59.9M]
1442/2112 CD220187 {"verified":7,"minor":1,"wrong":1} 3 calls 52k  [248 min, 59.9M]
1443/2112 CD220193 {"verified":9} 3 calls 35k  [248 min, 59.9M]
1444/2112 CD220197 {"verified":9} 3 calls 46k  [249 min, 60.0M]
1445/2112 CD220204 {"verified":9} 2 calls 31k  [249 min, 60.0M]
1446/2112 CD220205 {"verified":9} 3 calls 36k  [249 min, 60.1M]
1447/2112 CD220192 {"verified":9,"minor":1} 3 calls 47k  [249 min, 60.1M]
1448/2112 CD220211 {"verified":9,"minor":2} 3 calls 46k  [250 min, 60.1M]
1449/2112 CD220185 {"verified":8} 3 calls 60k  [250 min, 60.2M]
1450/2112 CD220200 {"verified":11,"unresolved":1} 4 calls 197k  [251 min, 60.4M]
1451/2112 CD220199 {"minor":1,"verified":14} 4 calls 83k  [251 min, 60.5M]
1452/2112 CD220219 {"verified":13} 3 calls 40k  [251 min, 60.5M]
1453/2112 CD220206 {"verified":9,"minor":1} 4 calls 129k  [251 min, 60.7M]
1454/2112 CD220207 {"verified":10} 3 calls 51k  [252 min, 60.7M]
1455/2112 CD220214 {"minor":1,"verified":10} 3 calls 74k  [252 min, 60.8M]
1456/2112 CD220226 {"verified":12} 3 calls 34k  [253 min, 60.8M]
1457/2112 CD220227 {"verified":12} 2 calls 23k  [253 min, 60.8M]
1458/2112 CD220220 {"verified":10} 2 calls 29k  [253 min, 60.9M]
1459/2112 CD220213 {"verified":7} 3 calls 58k  [253 min, 60.9M]
1460/2112 CD220212 {"verified":7,"wrong":1,"minor":1} 3 calls 58k  [253 min, 61.0M]
1461/2112 CD220223 {"verified":6,"minor":1,"wrong":1} 3 calls 41k  [253 min, 61.0M]
1462/2112 CD220234 {"verified":12} 2 calls 23k  [254 min, 61.0M]
1463/2112 CD220231 {"verified":10,"minor":1} 3 calls 39k  [254 min, 61.1M]
1464/2112 CD220233 {"minor":1,"verified":7,"wrong":1} 3 calls 54k  [254 min, 61.1M]
1465/2112 CD220235 {"verified":9} 3 calls 41k  [254 min, 61.2M]
1466/2112 CD220241 {"verified":10,"wrong":1} 3 calls 52k  [254 min, 61.2M]
1467/2112 CD220242 {"verified":10} 3 calls 58k  [254 min, 61.3M]
1468/2112 CD220246 {"minor":1,"verified":10} 3 calls 48k  [254 min, 61.3M]
1469/2112 CD220244 {"verified":11} 3 calls 45k  [254 min, 61.4M]
1470/2112 CD220230 {"verified":12} 3 calls 44k  [255 min, 61.4M]
1471/2112 CD220250 {"verified":8} 3 calls 48k  [255 min, 61.5M]
1472/2112 CD220237 {"verified":9,"wrong":1} 3 calls 50k  [255 min, 61.5M]
1473/2112 CD220256 {"verified":9,"minor":2} 3 calls 46k  [256 min, 61.6M]
1474/2112 CD220249 {"verified":8,"wrong":1} 3 calls 34k  [256 min, 61.6M]
1475/2112 CD220269 {"verified":9} 3 calls 76k  [256 min, 61.7M]
1476/2112 CD220251 {"verified":12} 3 calls 71k  [256 min, 61.8M]
1477/2112 CD220254 {"verified":13,"minor":1} 3 calls 56k  [256 min, 61.8M]
1478/2112 CD220271 {"verified":9} 3 calls 50k  [257 min, 61.9M]
1479/2112 CD220268 {"verified":9,"wrong":1} 3 calls 56k  [257 min, 61.9M]
1480/2112 CD220278 {"verified":9} 3 calls 35k  [257 min, 61.9M]
1481/2112 CD220264 {"verified":11} 3 calls 54k  [257 min, 62.0M]
1482/2112 CD220285 {"verified":11} 2 calls 40k  [258 min, 62.0M]
1483/2112 CD230002 {"verified":9} 3 calls 40k  [258 min, 62.1M]
1484/2112 CD230009 {"verified":9,"wrong":1} 3 calls 50k  [258 min, 62.1M]
1485/2112 CD220279 {"verified":9,"minor":1} 3 calls 72k  [258 min, 62.2M]
1486/2112 CD220283 {"verified":11,"minor":1} 3 calls 62k  [259 min, 62.3M]
1487/2112 CD230014 {"verified":12,"minor":1} 3 calls 54k  [259 min, 62.3M]
1488/2112 CD220274 {"verified":11} 3 calls 44k  [259 min, 62.4M]
1489/2112 CD230020 {"verified":11} 3 calls 59k  [260 min, 62.4M]
1490/2112 CD230013 {"verified":9} 3 calls 55k  [260 min, 62.5M]
1491/2112 CD230022 {"verified":9} 3 calls 49k  [260 min, 62.5M]
1492/2112 CD230017 {"verified":7,"minor":1,"wrong":1} 3 calls 30k  [260 min, 62.6M]
1493/2112 CD230024 {"verified":17} 3 calls 47k  [261 min, 62.6M]
1494/2112 CD230030 {"verified":9} 3 calls 64k  [261 min, 62.7M]
1495/2112 CD230010 {"verified":7,"minor":2,"wrong":1} 3 calls 56k  [261 min, 62.7M]
1496/2112 CD220280 {"verified":10} 3 calls 58k  [261 min, 62.8M]
1497/2112 CD230034 {"verified":9,"minor":1} 3 calls 56k  [261 min, 62.8M]
1498/2112 CD230025 {"verified":8,"minor":1} 3 calls 39k  [262 min, 62.9M]
1499/2112 CD230039 {"verified":8} 2 calls 26k  [262 min, 62.9M]
1500/2112 CD230040 {"verified":8,"wrong":1} 3 calls 54k  [262 min, 63.0M]
1501/2112 CD230037 {"minor":1,"verified":10} 3 calls 81k  [263 min, 63.0M]
1502/2112 CD230049 {"verified":9} 3 calls 38k  [263 min, 63.1M]
1503/2112 CD230036 {"verified":9,"wrong":1} 3 calls 47k  [263 min, 63.1M]
1504/2112 CD230042 {"verified":9} 3 calls 46k  [264 min, 63.2M]
1505/2112 CD230044 {"verified":10} 3 calls 49k  [264 min, 63.2M]
1506/2112 CD230041 {"minor":2,"verified":10} 3 calls 58k  [264 min, 63.3M]
1507/2112 CD230058 {"verified":6,"minor":1} 3 calls 40k  [264 min, 63.3M]
1508/2112 CD230062 {"verified":10,"minor":1} 3 calls 49k  [264 min, 63.4M]
1509/2112 CD230064 {"verified":7} 3 calls 44k  [264 min, 63.4M]
1510/2112 CD230032 {"verified":1,"minor":1,"unresolved":1} 4 calls 43k  [265 min, 63.5M]
1511/2112 CD230067 {"verified":11} 3 calls 46k  [265 min, 63.5M]
1512/2112 CD230050 {"verified":10} 3 calls 58k  [265 min, 63.6M]
1513/2112 CD230073 {"verified":9} 3 calls 50k  [265 min, 63.6M]
1514/2112 CD230074 {"verified":9,"minor":1,"wrong":1} 3 calls 33k  [265 min, 63.6M]
1515/2112 CD230054 {"verified":7,"minor":2} 4 calls 55k  [266 min, 63.7M]
1516/2112 CD230078 {"verified":6,"minor":1} 3 calls 46k  [266 min, 63.7M]
1517/2112 CD230079 {"verified":7} 3 calls 45k  [266 min, 63.8M]
1518/2112 CD230065 {"verified":9} 3 calls 76k  [266 min, 63.9M]
1519/2112 CD230080 {"verified":8,"minor":1} 3 calls 61k  [266 min, 63.9M]
1520/2112 CD230072 {"verified":14} 3 calls 65k  [266 min, 64.0M]
1521/2112 CD230081 {"verified":10} 3 calls 60k  [266 min, 64.0M]
1522/2112 CD230085 {"verified":11} 3 calls 45k  [267 min, 64.1M]
1523/2112 CD230087 {"verified":8} 3 calls 44k  [267 min, 64.1M]
1524/2112 CD230090 {"verified":10} 3 calls 46k  [267 min, 64.2M]
1525/2112 CD230086 {"minor":3,"verified":5,"wrong":1} 3 calls 44k  [267 min, 64.2M]
1526/2112 CD230093 {"verified":7,"minor":2} 3 calls 46k  [267 min, 64.3M]
1527/2112 CD230094 {"verified":7,"minor":2} 3 calls 46k  [268 min, 64.3M]
1528/2112 CD230095 {"verified":7} 3 calls 48k  [268 min, 64.4M]
1529/2112 CD230097 {"verified":10} 2 calls 40k  [268 min, 64.4M]
1530/2112 CD230088 {"minor":1,"verified":11} 3 calls 78k  [268 min, 64.5M]
1531/2112 CD230102 {"verified":8,"wrong":1} 4 calls 192k  [269 min, 64.7M]
1532/2112 CD230098 {"minor":1,"verified":10} 3 calls 40k  [269 min, 64.7M]
1533/2112 CD230100 {"verified":8} 3 calls 55k  [270 min, 64.8M]
1534/2112 CD230111 {"verified":9} 3 calls 44k  [270 min, 64.8M]
1535/2112 CD230092 {"verified":7,"minor":2} 3 calls 46k  [270 min, 64.9M]
1536/2112 CD230083 {"minor":1,"verified":12} 3 calls 80k  [270 min, 64.9M]
1537/2112 CD230120 {"verified":1,"unresolved":2} 4 calls 17k  [270 min, 65.0M]
1538/2112 CD230113 {"verified":8} 4 calls 91k  [271 min, 65.1M]
1539/2112 CD230108 {"verified":7,"wrong":1} 3 calls 63k  [271 min, 65.1M]
1540/2112 CD230121 {"verified":10} 3 calls 46k  [271 min, 65.2M]
1541/2112 CD230123 {"verified":10} 3 calls 41k  [271 min, 65.2M]
1542/2112 CD230104 {"minor":1,"verified":9} 3 calls 58k  [271 min, 65.3M]
1543/2112 CD230125 {"verified":9} 3 calls 49k  [271 min, 65.3M]
1544/2112 CD230126 {"verified":11,"minor":1} 3 calls 56k  [271 min, 65.4M]
1545/2112 CD230119 {"verified":11} 2 calls 41k  [271 min, 65.4M]
1546/2112 CD230129 {"verified":8,"minor":1} 3 calls 43k  [272 min, 65.4M]
1547/2112 CD230143 {"verified":10} 3 calls 51k  [272 min, 65.5M]
1548/2112 CD230138 {"verified":14} 3 calls 54k  [272 min, 65.6M]
1549/2112 CD230128 {"verified":9} 3 calls 49k  [273 min, 65.6M]
1550/2112 CD230147 {"verified":10,"wrong":1,"minor":1} 3 calls 57k  [273 min, 65.7M]
1551/2112 CD230137 {"verified":10,"minor":1} 3 calls 52k  [273 min, 65.7M]
1552/2112 CD230149 {"verified":8,"wrong":1,"minor":1} 3 calls 46k  [273 min, 65.8M]
1553/2112 CD230146 {"verified":11} 3 calls 47k  [273 min, 65.8M]
1554/2112 CD230154 {"verified":7,"wrong":1} 3 calls 37k  [273 min, 65.8M]
1555/2112 CD230151 {"verified":6,"minor":1} 4 calls 43k  [274 min, 65.9M]
1556/2112 CD230148 {"verified":9,"minor":1} 3 calls 55k  [274 min, 65.9M]
1557/2112 CD230136 {"wrong":1,"verified":6,"minor":1} 3 calls 62k  [274 min, 66.0M]
1558/2112 CD230161 {"verified":6,"wrong":3} 3 calls 50k  [275 min, 66.1M]
1559/2112 CD230155 {"verified":7,"wrong":1} 3 calls 46k  [275 min, 66.1M]
1560/2112 CD230157 {"verified":10,"minor":2} 3 calls 56k  [275 min, 66.2M]
1561/2112 CD230164 {"verified":9,"minor":1} 3 calls 35k  [275 min, 66.2M]
1562/2112 CD230160 {"verified":9} 3 calls 43k  [276 min, 66.2M]
1563/2112 CD230168 {"verified":8,"minor":1} 3 calls 55k  [276 min, 66.3M]
1564/2112 CD230169 {"verified":11,"wrong":1} 3 calls 57k  [276 min, 66.3M]
1565/2112 CD230162 {"verified":12} 3 calls 57k  [276 min, 66.4M]
1566/2112 CD230174 {"verified":7} 2 calls 29k  [276 min, 66.4M]
1567/2112 CD230173 {"verified":11} 3 calls 38k  [276 min, 66.5M]
1568/2112 CD230158 {"verified":9,"minor":1} 3 calls 80k  [277 min, 66.5M]
1569/2112 CD230177 {"verified":7,"wrong":1} 3 calls 49k  [277 min, 66.6M]
1570/2112 CD230166 {"verified":10,"wrong":1} 3 calls 54k  [277 min, 66.7M]
1571/2112 CD230181 ERROR Unexpected non-whitespace character after JSON at position 2028 (line 3 column 1)
1572/2112 CD230185 {"verified":9,"minor":1} 3 calls 60k  [277 min, 66.7M]
1573/2112 CD230175 {"verified":9,"wrong":1} 3 calls 43k  [278 min, 66.8M]
1574/2112 CD230186 {"verified":6,"minor":2,"wrong":1} 3 calls 43k  [278 min, 66.8M]
1575/2112 CD230180 {"verified":8,"minor":1} 3 calls 57k  [278 min, 66.9M]
1576/2112 CD230189 {"verified":8,"minor":1} 3 calls 35k  [278 min, 66.9M]
1577/2112 CD230191 {"verified":11,"wrong":1} 3 calls 56k  [278 min, 66.9M]
1578/2112 CD230190 {"verified":13} 3 calls 58k  [278 min, 67.0M]
1579/2112 CD230198 {"minor":2,"verified":7} 3 calls 50k  [279 min, 67.1M]
1580/2112 CD230199 {"verified":7,"minor":1} 3 calls 34k  [279 min, 67.1M]
1581/2112 CD230197 {"minor":2,"verified":10} 3 calls 62k  [279 min, 67.2M]
1582/2112 CD230204 {"verified":10} 3 calls 44k  [280 min, 67.2M]
1583/2112 CD230202 {"verified":8,"minor":1} 3 calls 60k  [280 min, 67.3M]
1584/2112 CD230195 {"verified":9} 3 calls 58k  [280 min, 67.3M]
1585/2112 CD230205 {"verified":8,"minor":1} 3 calls 42k  [280 min, 67.4M]
1586/2112 CD230207 {"verified":11,"minor":1} 3 calls 53k  [280 min, 67.4M]
1587/2112 CD230203 {"verified":10} 2 calls 58k  [281 min, 67.5M]
1588/2112 CD230213 {"verified":10,"wrong":1} 3 calls 49k  [281 min, 67.5M]
1589/2112 CD230179 {"verified":9} 4 calls 174k  [281 min, 67.7M]
1590/2112 CD230206 {"verified":13} 3 calls 61k  [281 min, 67.8M]
1591/2112 CD230214 {"verified":1,"unresolved":2} 4 calls 19k  [281 min, 67.8M]
1592/2112 CD230215 {"verified":1,"unresolved":2} 4 calls 19k  [282 min, 67.8M]
1593/2112 CD230188 {"verified":10,"wrong":3} 3 calls 121k  [282 min, 67.9M]
1594/2112 CD230217 {"verified":10,"wrong":1} 3 calls 47k  [282 min, 68.0M]
1595/2112 CD230224 {"verified":8} 3 calls 44k  [282 min, 68.0M]
1596/2112 CD230212 {"verified":9} 2 calls 50k  [283 min, 68.0M]
1597/2112 CD230230 {"verified":8,"wrong":1} 3 calls 53k  [283 min, 68.1M]
1598/2112 CD230231 {"minor":2,"verified":8} 3 calls 58k  [284 min, 68.2M]
1599/2112 CD230232 {"verified":10} 3 calls 51k  [284 min, 68.2M]
1600/2112 CD230223 {"verified":3} 4 calls 33k  [284 min, 68.2M]
1601/2112 CD230219 {"verified":9} 4 calls 114k  [284 min, 68.4M]
1602/2112 CD230216 {"verified":13} 3 calls 40k  [284 min, 68.4M]
1603/2112 CD230235 {"verified":5,"wrong":2} 3 calls 49k  [284 min, 68.4M]
1604/2112 CD230244 {"verified":10} 3 calls 81k  [285 min, 68.5M]
1605/2112 CD230246 {"verified":12,"wrong":1,"minor":1} 3 calls 69k  [285 min, 68.6M]
1606/2112 CD230242 {"verified":9,"wrong":1} 3 calls 41k  [285 min, 68.6M]
1607/2112 CD230227 {"verified":11,"minor":1} 3 calls 73k  [285 min, 68.7M]
1608/2112 CD230253 {"verified":10,"minor":1} 3 calls 43k  [286 min, 68.8M]
1609/2112 CD230236 {"wrong":2,"verified":5,"minor":2} 3 calls 52k  [286 min, 68.8M]
1610/2112 CD230254 {"verified":8,"wrong":2} 3 calls 43k  [286 min, 68.8M]
1611/2112 CD230257 {"verified":10,"minor":1} 3 calls 74k  [286 min, 68.9M]
1612/2112 CD230266 {"verified":9} 3 calls 49k  [287 min, 69.0M]
1613/2112 CD230249 {"verified":10} 3 calls 71k  [287 min, 69.0M]
1614/2112 CD230243 {"verified":7,"minor":2} 3 calls 76k  [287 min, 69.1M]
1615/2112 CD230269 {"verified":8,"minor":1} 3 calls 43k  [287 min, 69.2M]
1616/2112 CD230272 {"verified":10} 2 calls 25k  [287 min, 69.2M]
1617/2112 CD230258 {"minor":1,"verified":10} 3 calls 50k  [287 min, 69.2M]
1618/2112 CD230264 {"verified":7,"minor":2} 4 calls 181k  [288 min, 69.4M]
1619/2112 CD230268 {"verified":11} 3 calls 76k  [288 min, 69.5M]
1620/2112 CD230259 {"verified":9} 2 calls 66k  [289 min, 69.6M]
1621/2112 CD230282 {"verified":11} 3 calls 42k  [289 min, 69.6M]
1622/2112 CD230277 {"verified":11} 3 calls 53k  [289 min, 69.7M]
1623/2112 CD230283 {"verified":9,"minor":1} 4 calls 70k  [290 min, 69.7M]
1624/2112 CD230285 {"verified":9,"wrong":1,"minor":1} 3 calls 56k  [290 min, 69.8M]
1625/2112 CD230281 {"verified":9} 4 calls 133k  [290 min, 69.9M]
1626/2112 CD230286 {"wrong":2,"verified":9} 3 calls 57k  [290 min, 70.0M]
1627/2112 CD230274 {"verified":10} 3 calls 87k  [290 min, 70.1M]
1628/2112 CD230287 {"verified":12,"minor":1} 3 calls 57k  [290 min, 70.1M]
1629/2112 CD230296 {"verified":10} 3 calls 51k  [290 min, 70.2M]
1630/2112 CD230284 {"verified":10} 4 calls 59k  [291 min, 70.2M]
1631/2112 CD230289 {"verified":8,"minor":1} 3 calls 59k  [292 min, 70.3M]
1632/2112 CD230298 {"verified":10} 2 calls 34k  [292 min, 70.3M]
1633/2112 CD230303 {"verified":10} 2 calls 38k  [292 min, 70.4M]
1634/2112 CD230300 {"minor":1,"verified":10} 4 calls 133k  [292 min, 70.5M]
1635/2112 CD230309 {"verified":10} 3 calls 45k  [293 min, 70.5M]
1636/2112 CD230318 {"verified":11} 3 calls 40k  [293 min, 70.6M]
1637/2112 CD230321 {"verified":8,"wrong":1} 3 calls 44k  [293 min, 70.6M]
1638/2112 CD230306 {"verified":13} 3 calls 40k  [293 min, 70.7M]
1639/2112 CD230315 {"verified":9} 3 calls 42k  [294 min, 70.7M]
1640/2112 CD230324 {"verified":9,"wrong":1} 3 calls 53k  [294 min, 70.8M]
1641/2112 CD230304 {"verified":9,"wrong":1} 3 calls 45k  [294 min, 70.8M]
1642/2112 CD230295 {"verified":9,"minor":1} 3 calls 93k  [294 min, 70.9M]
1643/2112 CD230338 {"verified":9,"minor":1} 3 calls 45k  [295 min, 70.9M]
1644/2112 CD230339 {"verified":8,"minor":1} 3 calls 43k  [295 min, 71.0M]
1645/2112 CD230323 {"verified":9} 3 calls 51k  [295 min, 71.0M]
1646/2112 CD230344 {"verified":9} 2 calls 35k  [295 min, 71.1M]
1647/2112 CD230348 {"verified":9} 3 calls 44k  [295 min, 71.1M]
1648/2112 CD230325 {"verified":10} 3 calls 60k  [295 min, 71.2M]
1649/2112 CD230333 {"verified":9} 3 calls 44k  [296 min, 71.2M]
1650/2112 CD230350 {"verified":12} 3 calls 44k  [296 min, 71.3M]
1651/2112 CD230354 {"verified":1,"unresolved":2} 4 calls 16k  [296 min, 71.3M]
1652/2112 CD230322 {"verified":11} 3 calls 90k  [296 min, 71.4M]
1653/2112 CD230340 ERROR Unexpected non-whitespace character after JSON at position 1841 (line 3 column 1)
1654/2112 CD240002 {"verified":8,"wrong":2} 3 calls 51k  [297 min, 71.4M]
1655/2112 CD240010 {"verified":9} 3 calls 39k  [297 min, 71.5M]
1656/2112 CD230349 {"verified":10,"minor":2} 3 calls 74k  [297 min, 71.5M]
1657/2112 CD230353 {"verified":9} 3 calls 39k  [297 min, 71.6M]
1658/2112 CD240013 {"verified":9} 3 calls 55k  [297 min, 71.6M]
1659/2112 CD240015 {"verified":8} 3 calls 33k  [298 min, 71.7M]
1660/2112 CD240004 {"minor":1,"unresolved":2} 4 calls 25k  [298 min, 71.7M]
1661/2112 CD240021 {"verified":9} 2 calls 28k  [298 min, 71.7M]
1662/2112 CD240014 {"verified":10} 3 calls 64k  [299 min, 71.8M]
1663/2112 CD240019 {"verified":9} 2 calls 34k  [299 min, 71.8M]
1664/2112 CD240022 {"verified":9,"minor":1} 3 calls 61k  [299 min, 71.9M]
1665/2112 CD240024 {"verified":2,"unresolved":2} 4 calls 36k  [299 min, 71.9M]
1666/2112 CD240020 {"verified":9} 3 calls 46k  [299 min, 71.9M]
1667/2112 CD240033 {"verified":8} 3 calls 50k  [300 min, 72.0M]
1668/2112 CD240034 {"verified":9} 3 calls 47k  [300 min, 72.0M]
1669/2112 CD240028 {"verified":8} 2 calls 49k  [300 min, 72.1M]
1670/2112 CD240026 {"verified":9,"wrong":1} 3 calls 63k  [300 min, 72.2M]
1671/2112 CD240029 {"verified":11} 3 calls 49k  [301 min, 72.2M]
1672/2112 CD240027 {"verified":8,"minor":1} 3 calls 59k  [301 min, 72.3M]
1673/2112 CD240035 {"verified":8} 3 calls 45k  [301 min, 72.3M]
1674/2112 CD240037 {"verified":8,"minor":1,"wrong":1} 3 calls 40k  [301 min, 72.3M]
1675/2112 CD240007 {"unresolved":1,"verified":8,"minor":2} 4 calls 113k  [301 min, 72.5M]
1676/2112 CD240041 {"verified":8,"wrong":1} 3 calls 50k  [301 min, 72.5M]
1677/2112 CD240044 {"verified":10} 2 calls 28k  [302 min, 72.5M]
1678/2112 CD240042 {"verified":12} 2 calls 27k  [302 min, 72.6M]
1679/2112 CD240050 {"verified":10,"wrong":1,"minor":1} 3 calls 59k  [302 min, 72.6M]
1680/2112 CD240038 {"verified":10} 3 calls 62k  [302 min, 72.7M]
1681/2112 CD240051 {"verified":10} 2 calls 27k  [302 min, 72.7M]
1682/2112 CD240043 {"verified":12} 3 calls 72k  [303 min, 72.8M]
1683/2112 CD240055 {"verified":10} 2 calls 28k  [303 min, 72.8M]
1684/2112 CD240053 {"verified":4,"minor":1} 3 calls 13k  [303 min, 72.8M]
1685/2112 CD240045 {"verified":8} 3 calls 51k  [303 min, 72.9M]
1686/2112 CD240058 {"verified":11} 3 calls 47k  [303 min, 72.9M]
1687/2112 CD240047 {"verified":10} 3 calls 56k  [303 min, 73.0M]
1688/2112 CD240062 {"verified":11} 3 calls 49k  [304 min, 73.0M]
1689/2112 CD240065 {"verified":9} 3 calls 47k  [304 min, 73.1M]
1690/2112 CD240066 {"verified":12,"minor":1} 3 calls 45k  [304 min, 73.1M]
1691/2112 CD240067 {"verified":7,"minor":1} 3 calls 49k  [304 min, 73.2M]
1692/2112 CD240061 {"verified":8} 4 calls 149k  [304 min, 73.3M]
1693/2112 CD240072 {"verified":10} 2 calls 29k  [304 min, 73.3M]
1694/2112 CD240060 {"verified":8,"minor":1} 3 calls 44k  [304 min, 73.4M]
1695/2112 CD240073 {"verified":8,"minor":1} 3 calls 46k  [304 min, 73.4M]
1696/2112 CD240079 {"verified":11} 3 calls 49k  [305 min, 73.5M]
1697/2112 CD240085 {"verified":9} 3 calls 45k  [305 min, 73.5M]
1698/2112 CD240088 {"wrong":1,"unresolved":2} 4 calls 24k  [305 min, 73.6M]
1699/2112 CD240070 {"verified":9,"minor":1} 3 calls 58k  [305 min, 73.6M]
1700/2112 CD240084 {"verified":10} 3 calls 54k  [306 min, 73.7M]
1701/2112 CD240094 {"verified":8,"minor":1} 3 calls 49k  [306 min, 73.7M]
1702/2112 CD240080 {"verified":8,"minor":1} 3 calls 47k  [306 min, 73.8M]
1703/2112 CD240096 {"verified":7,"minor":1} 3 calls 41k  [306 min, 73.8M]
1704/2112 CD240092 {"minor":1,"verified":8,"wrong":1} 3 calls 46k  [306 min, 73.9M]
1705/2112 CD240104 {"verified":8} 3 calls 56k  [307 min, 73.9M]
1706/2112 CD240098 {"verified":10,"unresolved":1} 4 calls 174k  [307 min, 74.1M]
1707/2112 CD240105 {"verified":8} 3 calls 45k  [307 min, 74.1M]
1708/2112 CD240099 {"verified":8} 3 calls 37k  [307 min, 74.2M]
1709/2112 CD240109 {"verified":12} 3 calls 50k  [308 min, 74.2M]
1710/2112 CD240111 {"verified":6,"wrong":1,"minor":1} 3 calls 48k  [308 min, 74.3M]
1711/2112 CD240095 {"minor":1,"verified":10} 3 calls 49k  [308 min, 74.3M]
1712/2112 CD240106 {"verified":9} 2 calls 29k  [308 min, 74.3M]
1713/2112 CD240115 {"verified":8} 3 calls 36k  [308 min, 74.4M]
1714/2112 CD240116 {"verified":8} 2 calls 32k  [308 min, 74.4M]
1715/2112 CD240124 {"verified":10} 2 calls 34k  [309 min, 74.4M]
1716/2112 CD240103 {"verified":7,"minor":1} 3 calls 49k  [309 min, 74.5M]
1717/2112 CD240128 {"verified":7,"wrong":1} 3 calls 45k  [309 min, 74.5M]
1718/2112 CD240112 {"verified":7,"wrong":1,"minor":1} 3 calls 58k  [309 min, 74.6M]
1719/2112 CD240125 {"verified":8,"minor":2} 3 calls 48k  [309 min, 74.6M]
1720/2112 CD240136 {"verified":6,"wrong":1} 3 calls 40k  [309 min, 74.7M]
1721/2112 CD240139 {"verified":9} 2 calls 36k  [310 min, 74.7M]
1722/2112 CD240145 {"not_from_plan":1} 0 calls 0k  [310 min, 74.7M]
1723/2112 CD240129 {"verified":7,"wrong":1,"minor":1} 3 calls 49k  [310 min, 74.8M]
1724/2112 CD240147 {"verified":8,"wrong":1} 3 calls 55k  [311 min, 74.8M]
1725/2112 CD240114 {"verified":11} 3 calls 81k  [311 min, 74.9M]
1726/2112 CD240148 {"verified":10} 3 calls 49k  [311 min, 75.0M]
1727/2112 CD240133 {"verified":10,"minor":1} 4 calls 44k  [311 min, 75.0M]
1728/2112 CD240149 {"minor":1,"verified":9} 3 calls 52k  [311 min, 75.0M]
1729/2112 CD240135 {"verified":8,"wrong":1,"unresolved":1} 4 calls 171k  [311 min, 75.2M]
1730/2112 CD240152 {"verified":7,"wrong":1,"minor":1} 3 calls 47k  [312 min, 75.3M]
1731/2112 CD240153 {"verified":8} 3 calls 35k  [312 min, 75.3M]
1732/2112 CD240131 {"verified":9,"unresolved":1} 3 calls 91k  [312 min, 75.4M]
1733/2112 CD240151 {"verified":9,"minor":1} 3 calls 50k  [312 min, 75.4M]
1734/2112 CD240155 {"verified":10} 3 calls 52k  [312 min, 75.5M]
1735/2112 CD240158 {"verified":6,"minor":1} 3 calls 40k  [312 min, 75.5M]
1736/2112 CD240160 {"verified":8,"wrong":1} 3 calls 51k  [313 min, 75.6M]
1737/2112 CD240161 {"verified":9,"minor":1} 3 calls 50k  [313 min, 75.6M]
1738/2112 CD240150 {"verified":9,"minor":2} 3 calls 51k  [313 min, 75.7M]
1739/2112 CD240168 {"verified":9,"wrong":1} 3 calls 46k  [313 min, 75.7M]
1740/2112 CD240169 {"verified":10,"wrong":2} 3 calls 45k  [313 min, 75.8M]
1741/2112 CD240173 {"verified":8,"minor":1} 3 calls 46k  [313 min, 75.8M]
1742/2112 CD240156 {"verified":9} 3 calls 43k  [313 min, 75.9M]
1743/2112 CD240177 {"verified":9} 2 calls 27k  [314 min, 75.9M]
1744/2112 CD240183 {"verified":9} 2 calls 32k  [314 min, 75.9M]
1745/2112 CD240180 {"verified":13} 3 calls 41k  [314 min, 76.0M]
1746/2112 CD240182 {"verified":2,"unresolved":2} 4 calls 23k  [314 min, 76.0M]
1747/2112 CD240178 {"wrong":1,"verified":10,"minor":1} 3 calls 50k  [314 min, 76.0M]
1748/2112 CD240188 {"verified":9} 2 calls 32k  [315 min, 76.1M]
1749/2112 CD240175 {"verified":8,"wrong":1} 3 calls 55k  [315 min, 76.1M]
1750/2112 CD240186 {"verified":8,"minor":1} 3 calls 51k  [315 min, 76.2M]
1751/2112 CD240184 {"verified":7,"wrong":1} 3 calls 48k  [315 min, 76.2M]
1752/2112 CD240187 {"verified":7,"minor":2} 3 calls 48k  [315 min, 76.3M]
1753/2112 CD240191 {"verified":12} 3 calls 44k  [315 min, 76.3M]
1754/2112 CD240193 {"verified":8} 3 calls 37k  [316 min, 76.4M]
1755/2112 CD240195 {"verified":9} 3 calls 46k  [316 min, 76.4M]
1756/2112 CD240196 {"verified":9} 3 calls 47k  [316 min, 76.4M]
1757/2112 CD240203 {"verified":10} 3 calls 42k  [316 min, 76.5M]
1758/2112 CD240206 {"minor":1,"verified":7} 3 calls 42k  [316 min, 76.5M]
1759/2112 CD240159 {"verified":10} 3 calls 71k  [316 min, 76.6M]
1760/2112 CD240207 {"verified":10,"wrong":1} 3 calls 50k  [316 min, 76.7M]
1761/2112 CD240212 {"verified":9} 2 calls 31k  [316 min, 76.7M]
1762/2112 CD240209 {"verified":8,"minor":1} 3 calls 52k  [316 min, 76.7M]
1763/2112 CD240214 {"verified":10,"wrong":1} 3 calls 52k  [317 min, 76.8M]
1764/2112 CD240223 {"verified":4,"wrong":2} 3 calls 11k  [317 min, 76.8M]
1765/2112 CD240218 {"verified":11} 3 calls 48k  [317 min, 76.8M]
1766/2112 CD240208 {"verified":13} 2 calls 51k  [317 min, 76.9M]
1767/2112 CD240225 {"verified":12} 2 calls 39k  [317 min, 76.9M]
1768/2112 CD240227 {"verified":9} 3 calls 50k  [318 min, 77.0M]
1769/2112 CD240220 {"verified":7,"wrong":2} 3 calls 69k  [318 min, 77.1M]
1770/2112 CD240224 {"verified":9,"minor":1} 3 calls 68k  [319 min, 77.1M]
1771/2112 CD240232 {"verified":8,"wrong":1} 3 calls 42k  [319 min, 77.2M]
1772/2112 CD240226 {"verified":9,"wrong":1} 3 calls 60k  [319 min, 77.2M]
1773/2112 CD240230 {"verified":9} 3 calls 52k  [319 min, 77.3M]
1774/2112 CD240240 {"verified":9} 3 calls 63k  [320 min, 77.3M]
1775/2112 CD240231 {"verified":7} 3 calls 48k  [320 min, 77.4M]
1776/2112 CD240213 {"verified":10,"unresolved":1} 4 calls 150k  [320 min, 77.5M]
1777/2112 CD240243 {"verified":12} 2 calls 36k  [320 min, 77.6M]
1778/2112 CD240244 {"verified":7,"wrong":1} 3 calls 46k  [320 min, 77.6M]
1779/2112 CD240239 {"verified":10} 3 calls 46k  [320 min, 77.7M]
1780/2112 CD240246 {"verified":2,"unresolved":2} 4 calls 39k  [321 min, 77.7M]
1781/2112 CD240241 {"verified":7,"wrong":2} 3 calls 37k  [321 min, 77.7M]
1782/2112 CD240245 {"verified":9} 3 calls 43k  [322 min, 77.8M]
  [sonnet] C:\Users\susan\AppData\Roaming\npm\node_modules\@anthropic-ai\claude-code\bin\claude.exe exited 4294967295: ; waiting 10 min
  [sonnet] C:\Users\susan\AppData\Roaming\npm\node_modules\@anthropic-ai\claude-code\bin\claude.exe exited 4294967295: ; waiting 10 min
  [opus] C:\Users\susan\AppData\Roaming\npm\node_modules\@anthropic-ai\claude-code\bin\claude.exe exited 4294967295: ; waiting 10 min
  [opus] C:\Users\susan\AppData\Roaming\npm\node_modules\@anthropic-ai\claude-code\bin\claude.exe exited 4294967295: {"duration_a; waiting 10 min
  [sonnet] C:\Users\susan\AppData\Roaming\npm\node_modules\@anthropic-ai\claude-code\bin\claude.exe exited 4294967295: ; waiting 10 min
  [opus] C:\Users\susan\AppData\Roaming\npm\node_modules\@anthropic-ai\claude-code\bin\claude.exe exited 4294967295: ; waiting 10 min
1783/2112 CD240253 {"verified":7,"minor":2} 3 calls 41k  [332 min, 77.8M]
1784/2112 CD240237 {"minor":1,"verified":8,"wrong":1} 3 calls 66k  [332 min, 77.9M]
